ring,n_fixes,first_fix,last_fix,span_days,days_with_data,median_gap_min,iqr_gap_min,max_gap_days,hdop_ratio,span_months,calendar_days,coverage,animal_id,field_ring,cohort,first_deploy,n_deployments,tag_id,gps_quality,stationary_trimmed,keep,independence_date,post_indep_months,panel_b
FRP-EA739159,2110,2020-09-17T10:54:56Z,2024-09-18T16:08:11Z,1462.2175347222221,470,120.01666666666667,268.8666666666667,152.97015046296298,1,48.03605567418601,1463,0.3212576896787423,G294 [FRP-EA739159],G294,2020,2020-09-14,1,200210,TRUE,FALSE,TRUE,2021-03-31,41.64495235009977,TRUE
FRP-EA739160,4997,2020-09-15T13:03:58Z,2021-07-18T12:43:57Z,305.98609953703703,273,30.333333333333332,30.2,7.474837962962963,1,10.052105766656933,307,0.8892508143322475,G295 [FRP-EA739160],G295,2020,2020-09-14,1,200215,TRUE,FALSE,TRUE,2021-03-31,3.5982431285589134,FALSE
FRP-EA739161,431,2020-09-15T00:01:39Z,2020-10-14T20:04:11Z,29.83509259259259,30,60.3,59.82083333333334,1.0420023148148148,1,0.9801278775490339,30,1,G296 [FRP-EA739161],G296,2020,2020-09-15,1,200214,TRUE,FALSE,TRUE,2021-03-31,-5.491582180488636,FALSE
FRP-EA739162,1745,2020-09-18T12:39:10Z,2023-04-09T00:02:25Z,932.4744791666667,622,240.90833333333333,600.3541666666666,36.16240740740741,1,30.633195767630312,934,0.6659528907922913,G297 [FRP-EA739162],G297,2020,2020-09-18,1,200213,TRUE,FALSE,TRUE,2021-03-31,24.277321887015134,TRUE
FRP-EA739163,1874,2020-09-21T13:04:57Z,2021-06-18T21:45:41Z,270.36162037037036,249,60.68333333333333,120.4,6.075289351851851,1,8.88178779140507,271,0.9188191881918819,G298 [FRP-EA739163],G298,2020,2020-09-21,1,200209,TRUE,FALSE,TRUE,2021-03-31,2.6250566536477344,FALSE
FRP-EA739173,32852,2021-03-03T15:03:49Z,2024-07-25T08:15:49Z,1239.7166666666667,835,15.049999999999999,14.9,308.9189583333333,0.9450566175575308,40.726565922032414,1241,0.6728444802578566,G308 [FRP-EA739173],G308,2020,2021-03-03,2,6165,TRUE,FALSE,TRUE,2021-03-31,39.8273428754806,TRUE
FRP-EA739200,1100,2021-03-07T08:49:07Z,2021-07-23T23:56:57Z,138.63043981481482,120,60.016666666666666,1.125,7.873252314814814,0,4.554219442010999,139,0.8633093525179856,G335 [FRP-EA739200],G335,2020,2021-03-07,1,6204,FALSE,TRUE,TRUE,2021-03-31,3.7778542031683457,FALSE
FRP-EA739213,4123,2021-03-03T14:14:24Z,2021-08-14T15:03:26Z,164.03405092592592,159,59.65,50.1,2.8746527777777775,0,5.38876645617365,165,0.9636363636363636,G344 [FRP-EA739213],G344,2020,2021-03-03,1,6139,FALSE,FALSE,TRUE,2021-03-31,4.488416040054509,FALSE
FRP-EA739214,1745,2021-03-03T14:59:01Z,2021-07-30T14:59:00Z,148.99998842592592,148,60.083333333333336,0.5708333333333329,2.2497106481481484,0,4.894874784031732,150,0.9866666666666667,G345 [FRP-EA739214],G345,2020,2021-03-03,1,6265,FALSE,FALSE,TRUE,2021-03-31,3.995542232442692,FALSE
FRP-EA739215,2620,2021-03-03T14:00:00Z,2021-08-20T14:57:55Z,170.04021990740742,146,1.05,44.95833333333333,8.152442129629629,0,5.586078183554777,171,0.8538011695906432,G346 [FRP-EA739215],G346,2020,2021-03-03,1,5975,FALSE,FALSE,TRUE,2021-03-31,4.68539925232394,FALSE
FRP-EA739216,1084,2021-03-03T13:20:18Z,2021-07-20T14:59:31Z,139.06890046296297,131,60.266666666666666,119.11666666666666,4.624548611111112,0,4.568623536891031,140,0.9357142857142857,G347 [FRP-EA739216],G347,2020,2021-03-03,1,6212,FALSE,FALSE,TRUE,2021-03-31,3.6670389077480894,FALSE
FRP-EA739218,1436,2021-03-03T13:21:31Z,2021-04-13T17:58:03Z,41.19203703703704,42,59.53333333333333,50.50833333333333,0.5833333333333333,0,1.3532206648172482,42,1,G349 [FRP-EA739218],G349,2020,2021-03-03,1,6422,FALSE,FALSE,TRUE,2021-03-31,0.4516637921594393,FALSE
FRP-EA739219,3190,2021-03-03T14:20:48Z,2021-09-04T14:55:25Z,185.02403935185185,154,59.75,50.166666666666664,8.1103125,0,6.0783192953959215,186,0.8279569892473119,G350 [FRP-EA739219],G350,2020,2021-03-03,1,6206,FALSE,FALSE,TRUE,2021-03-31,5.1781148859930886,FALSE
FRP-EA739220,1755,2021-03-07T08:47:40Z,2021-07-30T15:04:40Z,145.26180555555555,125,60.016666666666666,0.7333333333333343,7.832175925925926,0,4.772069827712074,146,0.8561643835616438,G351 [FRP-EA739220],G351,2020,2021-03-07,1,6199,FALSE,FALSE,TRUE,2021-03-31,3.995671509222757,FALSE
FRP-EC111807,10538,2021-10-08T09:58:31Z,2025-10-05T09:59:02Z,1458.0003587962963,1075,60.11666666666667,1.0333333333333314,78.86383101851851,0,47.89751507215165,1459,0.7368060315284441,G467 [FRP_EC111807],G467,2021,2021-10-08,1,cabab34387a2,FALSE,FALSE,TRUE,2022-03-31,42.195006418211904,TRUE
FRP-EC111820,10531,2021-10-06T14:59:31Z,2023-10-27T09:58:59Z,750.7912962962963,673,60.016666666666666,0.7666666666666657,8.123368055555556,0,24.66462865625152,752,0.8949468085106383,G480 [FRP_EC111820],G480,2021,2021-10-06,1,8222,FALSE,FALSE,TRUE,2022-03-31,18.90328385834915,TRUE
FRP-EC111821,601,2021-10-07T10:00:17Z,2022-02-16T10:01:03Z,132.0005324074074,107,60.266666666666666,120.2625,5.0408333333333335,0,4.336416964763712,133,0.8045112781954887,G481 [FRP_EC111821],G481,2021,2021-10-07,1,8199,FALSE,FALSE,TRUE,2022-03-31,-1.3989028964082348,FALSE
FRP-EC111822,23581,2021-10-08T12:05:16Z,2024-08-25T17:10:29Z,1052.2119560185185,706,15,20.25,141.38843749999998,0.8750265043891269,34.56675282583832,1053,0.6704653371320038,G482 [FRP_EC111822],G482,2021,2021-10-08,2,8610,TRUE,FALSE,TRUE,2022-03-31,28.86713578928797,TRUE
FRP-EC111823,12064,2021-10-08T10:03:49Z,2023-08-03T11:03:43Z,664.0415972222222,634,60.016666666666666,0.7333333333333343,9.873599537037036,0,21.814769948167616,665,0.9533834586466166,G483 [FRP_EC111823],G483,2021,2021-10-08,1,8615,FALSE,FALSE,TRUE,2022-03-31,16.11238220603981,TRUE
FRP-EC111824,6009,2021-10-08T13:58:43Z,2025-09-05T09:59:41Z,1427.8340046296296,1044,60.449999999999996,179.2375,45.078032407407406,0,46.90650475130189,1429,0.7305808257522743,G484 [FRP_EC111824],G484,2021,2021-10-08,1,faec19799d4d,FALSE,FALSE,TRUE,2022-03-31,41.209475911933616,TRUE
FRP-EC111825,5184,2021-10-08T13:59:31Z,2022-07-15T19:00:22Z,280.2089236111111,279,59.96666666666667,0.9166666666666643,1.8740162037037036,0,9.205286583807855,281,0.9928825622775801,G485 [FRP_EC111825],G485,2021,2021-10-08,1,7509,FALSE,TRUE,TRUE,2022-03-31,3.508275995279116,FALSE
FRP-EC111826,15669,2021-10-08T14:02:31Z,2025-10-12T10:02:13Z,1464.833125,1233,60.03333333333333,0.8333333333333357,37.12015046296296,0,48.121981767411306,1466,0.8410641200545702,G486 [FRP_EC111826],G486,2021,2021-10-08,1,e82be894d030,FALSE,FALSE,TRUE,2022-03-31,42.42503961953083,TRUE
FRP-EC111827,9285,2021-10-13T14:04:30Z,2023-04-17T16:04:25Z,551.083275462963,536,60,0.6666666666666714,3.9996527777777775,0,18.103918379203776,552,0.9710144927536232,G487 [FRP_EC111827],G487,2021,2021-10-13,1,7484,FALSE,FALSE,TRUE,2022-03-31,12.571279034043897,TRUE
FRP-EC111829,16511,2021-10-13T15:00:01Z,2025-10-04T10:00:43Z,1451.7921527777778,1274,60.03333333333333,0.8833333333333329,23.99751157407407,0,47.693566122791644,1453,0.8768066070199587,G488 [FRP_EC111829],G488,2021,2021-10-13,1,c52b3e6350e3,FALSE,FALSE,TRUE,2022-03-31,42.162193309850586,TRUE
FRP-EC111830,12838,2021-10-13T15:00:01Z,2025-10-02T19:00:31Z,1450.167013888889,1191,60.11666666666667,0.9666666666666686,56.116817129629624,0,47.64017785443131,1451,0.8208132322536182,G489 [FRP_EC111830],G489,2021,2021-10-13,1,d0935dfa8162,FALSE,TRUE,TRUE,2022-03-31,42.10880504149024,TRUE
FRP-EC111832,21932,2021-10-15T12:00:17Z,2025-09-08T10:00:10Z,1423.9165856481482,1199,60.016666666666666,0.46666666666666856,41.99534722222222,0,46.77781161787609,1425,0.8414035087719298,G491 [FRP_EC111832],G491,2021,2021-10-15,1,f3fa39096d69,FALSE,FALSE,TRUE,2022-03-31,41.30804147199105,TRUE
FRP-EC111833,9043,2021-10-15T12:01:08Z,2023-06-22T20:05:21Z,615.3362615740741,519,60.03333333333333,0.5833333333333357,22.871875,0,20.21472607010756,616,0.8425324675324676,G492 [FRP_EC111833],G492,2021,2021-10-15,1,8756,FALSE,TRUE,TRUE,2022-03-31,14.744975315739524,TRUE
FRP-EC111834,4937,2021-10-15T12:05:13Z,2022-07-13T10:06:30Z,270.9175578703704,266,60.016666666666666,0.45000000000000284,3.333321759259259,0,8.900051178395874,272,0.9779411764705882,G493 [FRP_EC111834],G493,2021,2021-10-15,1,8758,FALSE,FALSE,TRUE,2022-03-31,3.43039357935465,FALSE
FRP-EC111835,16657,2021-10-15T12:05:09Z,2024-07-09T10:05:18Z,997.9167708333333,975,60.03333333333333,0.46666666666666856,3.124722222222222,0,32.78307394327639,999,0.975975975975976,G494 [FRP_EC111835],G494,2021,2021-10-15,1,c3108236ddc1,FALSE,FALSE,TRUE,2022-03-31,27.313414823331872,TRUE
FRP-EC111836,11743,2021-10-16T13:55:32Z,2023-05-22T09:55:48Z,582.8335185185185,571,60.016666666666666,0.45000000000000284,14.042118055555557,0,19.146961843578136,584,0.9777397260273972,G495 [FRP_EC111836],G495,2021,2021-10-16,1,8763,FALSE,FALSE,TRUE,2022-03-31,13.71267247043364,TRUE
FRP-EC111837,27020,2021-10-15T12:00:55Z,2026-08-25T23:00:40Z,1775.4581597222223,1495,60.016666666666666,0.46666666666666856,94.15555555555555,0,58.32648356511899,1776,0.8417792792792793,G496 [FRP_EC111837],G496,2021,2021-10-15,1,e2552d014d3c,FALSE,FALSE,TRUE,2022-03-31,52.856727867815245,TRUE
FRP-EC111867,10909,2021-10-08T10:00:25Z,2023-07-23T23:00:01Z,653.5413888888888,612,60.016666666666666,0.7666666666666657,17.458622685185183,0,21.469822236822893,654,0.9357798165137615,G427 [FRP_EC111867],G427,2021,2021-10-08,1,8224,FALSE,TRUE,TRUE,2022-03-31,15.76735692862705,TRUE
FRP-EC111874,2353,2021-10-13T13:55:41Z,2022-07-02T23:56:01Z,262.41689814814816,170,60.06666666666666,0.8500000000000014,50.89085648148148,0,8.620791660583054,263,0.6463878326996197,G434 [FRP_EC111874],G434,2021,2021-10-13,1,7535,FALSE,TRUE,TRUE,2022-03-31,3.0879511759624276,FALSE
FRP-EC111884,16628,2021-10-15T12:00:48Z,2024-09-29T10:00:55Z,1079.916747685185,988,60.016666666666666,0.46666666666666856,20.4971875,0,35.47689709872487,1081,0.913968547641073,G444 [FRP_EC111884],G444,2021,2021-10-15,1,f0b67cefe5f7,FALSE,FALSE,TRUE,2022-03-31,30.007138739840364,TRUE
FRP-EC111894,2914,2021-10-15T09:00:55Z,2022-04-19T09:02:39Z,186.0012037037037,187,60.03333333333333,0.6499999999999986,1.0421412037037039,0,6.110420621015233,187,1,G454 [FRP_EC111894],G454,2021,2021-10-15,1,8754,FALSE,FALSE,TRUE,2022-03-31,0.6365584848153014,FALSE
FRP-EC112900,62818,2023-01-12T10:38:46Z,2026-08-25T23:36:52Z,1321.5403472222222,1316,15.133333333333333,15.033333333333333,2.9082523148148147,1,43.41459747773397,1322,0.9954614220877458,G655 [FRP_EC112900],G655,2022,2023-01-12,1,227443,TRUE,FALSE,TRUE,2023-03-31,40.86675214143184,TRUE
FRP-EC112904,32612,2022-09-06T12:10:16Z,2026-08-25T20:12:27Z,1449.3348495370371,1187,29.8,44.63333333333333,91.92234953703704,1,47.61283999793157,1450,0.8186206896551724,G659 [FRP_EC112904],G659,2022,2022-09-06,1,221144,TRUE,FALSE,TRUE,2023-03-31,40.8620886717039,TRUE
FRP-EC112905,16204,2022-09-06T12:09:40Z,2023-10-14T10:19:53Z,402.9237615740741,386,15.083333333333334,14.8,3.682696759259259,1,13.236654453813209,404,0.9554455445544554,G661 [FRP_EC112905],G661,2022,2022-09-06,1,221145,TRUE,FALSE,TRUE,2023-03-31,6.485889439455882,FALSE
FRP-EC112907,16208,2022-09-06T12:10:08Z,2024-06-06T15:37:25Z,639.1439467592593,481,29.816666666666666,15.216666666666667,115.19618055555556,1,20.996844505888937,640,0.7515625,G663 [FRP_EC112907],G663,2022,2022-09-06,1,221146,TRUE,FALSE,TRUE,2023-03-31,14.246090137854674,TRUE
FRP-EC112956,22471,2023-01-12T10:39:32Z,2026-08-25T23:35:10Z,1321.5386342592592,1063,30.416666666666668,44.733333333333334,41.894444444444446,1,43.41454120431206,1322,0.8040847201210287,G715 [FRP_EC112956],G715,2022,2023-01-12,1,227441,TRUE,FALSE,TRUE,2023-03-31,40.86671335839782,TRUE
FRP-EC113550,20694,2022-12-09T14:57:09Z,2024-09-21T09:57:40Z,651.792025462963,501,10,57.833333333333336,133.81355324074073,0,21.41235300469655,653,0.7672281776416539,G815 [FRP_EC113550],G815,2022,2022-12-09,1,16000005b8,FALSE,FALSE,TRUE,2023-03-31,17.753450929576093,TRUE
FRP-EC113551,163951,2022-12-09T15:02:40Z,2026-08-25T23:00:31Z,1355.3318402777777,1350,2.0166666666666666,8.066666666666666,5.041284722222222,0,44.524699089283104,1356,0.995575221238938,G816 [FRP_EC113551],G816,2022,2022-12-09,1,16000005bb,FALSE,FALSE,TRUE,2023-03-31,40.865922868910296,TRUE
FRP-EC113553,82937,2022-12-09T14:06:00Z,2026-06-24T11:04:49Z,1292.8741782407408,1274,2.466666666666667,17.3,3.998472222222222,0,42.47287050725166,1294,0.9845440494590417,G818 [FRP_EC113553],G818,2022,2022-12-09,1,16000005b3,FALSE,FALSE,TRUE,2023-03-31,38.81280151907821,TRUE
FRP-EC113554,120584,2022-12-09T14:05:31Z,2026-08-25T23:00:31Z,1355.3715277777778,1337,2.216666666666667,8.066666666666666,4.7078125,0,44.52600288363265,1356,0.9859882005899705,G819 [FRP_EC113554],G819,2022,2022-12-09,1,16000005a7,FALSE,FALSE,TRUE,2023-03-31,40.865922868910296,TRUE
FRP-EC113572,83988,2023-01-16T12:45:35Z,2026-08-25T23:52:44Z,1317.4632986111112,1317,15.016666666666667,0.36666666666666714,1.6488194444444446,1,43.28066026974741,1318,0.9992412746585736,G837 [FRP_EC113572],G837,2022,2023-01-16,1,227442,TRUE,FALSE,TRUE,2023-03-31,40.86711411641602,TRUE
FRP-EC113573,76546,2023-01-16T14:16:15Z,2026-08-25T23:44:53Z,1317.3948842592592,1317,15.066666666666666,14.716666666666665,2.061076388888889,1,43.27841275490339,1318,0.9992412746585736,G838 [FRP_EC113573],G838,2022,2023-01-16,1,227445,TRUE,FALSE,TRUE,2023-03-31,40.86693503005305,TRUE
FRP-EC113574,29654,2023-01-16T12:22:32Z,2024-01-04T17:12:54Z,353.2016435185185,354,10.016666666666667,0.3000000000000007,1.1826851851851852,1,11.60320773713924,354,1,G839 [FRP_EC113574],G839,2022,2023-01-16,1,227440,TRUE,FALSE,TRUE,2023-03-31,9.189135731493648,FALSE
FRP-EC113580,38617,2023-02-02T15:39:50Z,2024-10-09T23:01:00Z,615.3063657407407,584,15.016666666666667,0.34999999999999964,10.78300925925926,1,20.213743946804886,616,0.948051948051948,G845 [FRP_EC113580],G845,2022,2023-02-02,1,227444,TRUE,TRUE,TRUE,2023-03-31,18.36264874434224,TRUE
FRP-EC113581,94142,2023-02-09T16:04:45Z,2026-08-25T23:51:21Z,1293.3240277777777,1292,15.016666666666667,0.2666666666666675,2.6511921296296297,1,42.48764874434224,1294,0.9984544049459042,G846 [FRP_EC113581],G846,2022,2023-02-09,1,227446,TRUE,FALSE,TRUE,2023-03-31,40.86708255767265,TRUE
FRP-EC115820,3605,2024-09-03T19:30:04Z,2025-03-27T13:36:21Z,204.75436342592593,135,15.016666666666667,19.866666666666667,12.992951388888889,1,6.726490257093493,206,0.6553398058252428,R208 [FRP_EC115820],R208,2024,2024-09-03,1,244030,TRUE,FALSE,TRUE,2025-03-31,-0.11278220360636589,FALSE
FRP-EC115821,51366,2024-09-03T16:34:07Z,2026-08-25T23:48:53Z,721.3019212962963,722,15.016666666666667,0.3000000000000007,0.24925925925925926,1,23.69585812405704,722,1,R209 [FRP_EC115821],R209,2024,2024-09-03,1,241242,TRUE,FALSE,TRUE,2025-03-31,16.852571619336157,TRUE
FRP-EC115822,12377,2024-09-03T19:47:34Z,2025-05-10T23:54:10Z,249.17125,176,10.016666666666667,0.5500000000000007,51.80773148148148,1,8.185652102496714,250,0.704,R210 [FRP_EC115822],R210,2024,2024-09-03,1,244055,TRUE,TRUE,TRUE,2025-03-31,1.3467788789117632,FALSE
FRP-EC115823,41524,2024-09-03T17:08:42Z,2026-08-25T23:50:13Z,721.2788310185185,718,15.05,14.7,3.9461458333333335,1,23.695099573538716,722,0.9944598337950139,R211 [FRP_EC115823],R211,2024,2024-09-03,1,241239,TRUE,FALSE,TRUE,2025-03-31,16.852602037402054,TRUE
FRP-EC115824,1703,2024-09-03T20:09:57Z,2025-03-19T01:50:45Z,196.23666666666668,75,15.575,15.433333333333335,20.122152777777778,1,6.446671046868156,198,0.3787878787878788,R212 [FRP_EC115824],R212,2024,2024-09-03,1,244056,TRUE,FALSE,TRUE,2025-03-31,-0.39169153343553803,FALSE
FRP-EC115825,13559,2024-09-03T20:08:22Z,2025-04-21T19:59:18Z,229.99370370370372,227,10.1,5.033333333333333,1.9796064814814816,1,7.555640726140069,231,0.9826839826839827,R213 [FRP_EC115825],R213,2024,2024-09-03,1,244040,TRUE,FALSE,TRUE,2025-03-31,0.7172420243831217,FALSE
FRP-EC115826,7907,2024-09-05T13:01:39Z,2026-08-15T12:00:51Z,708.9577777777778,650,60.083333333333336,0.6666666666666643,12.831863425925926,0,23.290334355380345,710,0.9154929577464789,R215 [FRP_EC115826],R215,2024,2024-09-05,1,1100000911,FALSE,FALSE,TRUE,2025-03-31,16.50790375419769,TRUE
FRP-EC115828,8810,2024-09-05T13:00:48Z,2026-08-22T12:00:51Z,715.9583680555555,693,60.03333333333333,0.5333333333333314,3.749467592592593,0,23.52031432508395,717,0.9665271966527197,R217 [FRP_EC115828],R217,2024,2024-09-05,1,1100000920,FALSE,FALSE,TRUE,2025-03-31,16.73786433238429,TRUE
FRP-EC115829,10365,2024-09-05T13:00:51Z,2026-08-25T23:01:02Z,719.4167939814815,641,60,0.28333333333333144,20.081261574074073,0,23.633928843018445,720,0.8902777777777777,R218 [FRP_EC115829],R218,2024,2024-09-05,1,11000008fb,FALSE,FALSE,TRUE,2025-03-31,16.85147999099625,TRUE
FRP-EC115830,7732,2024-09-05T14:01:15Z,2026-08-23T23:01:15Z,717.375,613,60.03333333333333,0.56666666666667,19.246967592592593,0,23.566852825229958,718,0.8537604456824512,R219 [FRP_EC115830],R219,2024,2024-09-05,1,110000095f,FALSE,FALSE,TRUE,2025-03-31,16.785781911592935,TRUE
FRP-EC115831,8224,2024-09-05T14:00:56Z,2026-08-16T12:01:09Z,709.9168171296296,689,60.016666666666666,0.4833333333333343,4.041597222222222,0,23.32184024735971,711,0.9690576652601969,R220 [FRP_EC115831],R220,2024,2024-09-05,1,110000091c,FALSE,FALSE,TRUE,2025-03-31,16.540762109432034,TRUE
FRP-EC115832,9456,2024-09-05T14:00:45Z,2026-07-24T12:01:09Z,686.9169444444444,667,60.016666666666666,0.43333333333333,11.08175925925926,0,22.566259672944955,688,0.9694767441860465,R221 [FRP_EC115832],R221,2024,2024-09-05,1,11000008d8,FALSE,FALSE,TRUE,2025-03-31,15.785177352533216,TRUE
FRP-EC115833,4691,2024-09-05T14:00:45Z,2026-01-15T15:01:15Z,497.0420138888889,452,60.06666666666667,0.6333333333333329,5.916261574074074,0,16.328581270988465,498,0.9076305220883534,R223 [FRP_EC115833],R223,2024,2024-09-05,1,110000096a,FALSE,FALSE,TRUE,2025-03-31,9.547498950576726,FALSE
FRP-EC115834,6785,2024-09-05T14:00:58Z,2026-07-31T12:00:50Z,693.9165740740741,653,60.11666666666667,0.93333333333333,6.031840277777778,0,22.796208083905192,695,0.939568345323741,R224 [FRP_EC115834],R224,2024,2024-09-05,1,110000096c,FALSE,FALSE,TRUE,2025-03-31,16.01513070642916,TRUE
FRP-EC115835,1084,2024-09-05T16:01:09Z,2025-01-19T14:00:55Z,135.91650462962963,128,60.03333333333333,0.46666666666666856,3.9998726851851854,0,4.465062569961551,137,0.9343065693430657,R225 [FRP_EC115835],R225,2024,2024-09-05,1,11000008de,FALSE,FALSE,TRUE,2025-03-31,-2.3132729990996252,FALSE
FRP-EC115836,28962,2024-09-05T17:01:33Z,2026-08-25T23:40:05Z,719.2767592592593,719,29.283333333333335,15.283333333333333,1.9189467592592593,1,23.629328490777244,720,0.9986111111111111,R226 [FRP_EC115836],R226,2024,2024-09-05,1,244059,TRUE,FALSE,TRUE,2025-03-31,16.852370860101228,TRUE
FRP-EC115837,45388,2024-09-05T17:02:49Z,2026-08-25T23:48:20Z,719.2816087962963,720,14.966666666666667,19.166666666666664,0.7636805555555556,1,23.62948780539738,720,1,R227 [FRP_EC115837],R227,2024,2024-09-05,1,244058,TRUE,FALSE,TRUE,2025-03-31,16.852559071883974,TRUE
FRP-EC115838,3469,2024-09-05T17:04:25Z,2024-12-01T00:01:05Z,86.28935185185185,88,29.85,15.149999999999999,0.21548611111111113,1,2.834735606171217,88,1,R228 [FRP_EC115838],R228,2024,2024-09-05,1,244060,TRUE,FALSE,TRUE,2025-03-31,-3.9421566256631135,FALSE
FRP-EC115839,27391,2024-09-05T17:03:31Z,2025-08-25T12:08:04Z,353.7948263888889,355,10.516666666666667,5.1,0.7111921296296296,1,11.622694690830778,355,1,R230 [FRP_EC115839],R230,2024,2024-09-05,1,244050,TRUE,TRUE,TRUE,2025-03-31,4.845781926801966,FALSE
FRP-EC115840,15428,2024-09-05T17:02:33Z,2026-06-11T22:51:07Z,644.2420601851852,572,29.833333333333332,43.66666666666667,15.976793981481482,1,21.164325236044192,645,0.8868217054263566,R229 [FRP_EC115840],R229,2024,2024-09-05,1,244051,TRUE,FALSE,TRUE,2025-03-31,14.387390418917605,TRUE
FRP-EC115841,36096,2024-09-06T11:32:44Z,2026-08-25T23:48:47Z,718.5111458333333,718,15.016666666666667,14.35,1.8337847222222223,1,23.604176932763906,719,0.9986091794158554,R231 [FRP_EC115841],R231,2024,2024-09-06,1,244062,TRUE,FALSE,TRUE,2025-03-31,16.852569337981212,TRUE
FRP-EC115842,20551,2024-09-06T11:40:33Z,2026-08-25T23:53:22Z,718.508900462963,627,28.783333333333335,16.066666666666666,14.905960648148147,1,23.604103168954104,719,0.8720445062586927,R232 [FRP_EC115842],R232,2024,2024-09-06,1,244052,TRUE,FALSE,TRUE,2025-03-31,16.85267390008274,TRUE
FRP-EC115843,30733,2024-09-06T12:10:05Z,2026-08-25T23:08:36Z,718.4573032407408,718,15.1,15.066666666666666,1.880115740740741,1,23.602408122231957,719,0.9986091794158554,R233 [FRP_EC115843],R233,2024,2024-09-06,1,244061,TRUE,FALSE,TRUE,2025-03-31,16.851652613520223,TRUE
FRP-EC115844,32717,2024-09-06T12:08:11Z,2026-01-18T12:29:47Z,499.015,463,11.183333333333334,5.066666666666666,14.763935185185185,1,16.393396846254927,500,0.926,R234 [FRP_EC115844],R234,2024,2024-09-06,1,244054,TRUE,FALSE,TRUE,2025-03-31,9.642597991799288,FALSE
FRP-EC115846,38644,2024-09-06T12:38:11Z,2026-08-25T23:56:03Z,718.4707407407408,714,14.966666666666667,5.883333333333335,2.8734375,1,23.602849564413297,719,0.9930458970792768,R236 [FRP_EC115846],R236,2024,2024-09-06,1,244053,TRUE,FALSE,TRUE,2025-03-31,16.852735116440353,TRUE
FRP-EC116551,3415,2024-09-05T13:09:15Z,2025-06-02T08:22:59Z,269.8012037037037,185,59.75,30.15,37.17012731481481,1,8.86337725702049,271,0.6826568265682657,R214 [FRP_EC116551],R214,2024,2024-09-05,1,221141,TRUE,FALSE,TRUE,2025-03-31,2.081120038813452,FALSE
