ring,panel,term,estimate,se,n_steps,n_rows,cohort
FRP-EA739160,A,z_dist_agricultural,1.0449793481797511,0.30223035464621006,491,5401,2020
FRP-EA739160,A,z_dist_water,0.6311730067571508,0.06429338157938279,491,5401,2020
FRP-EA739160,A,z_woody_density_200m,0.7936560485927178,0.18103760354038773,491,5401,2020
FRP-EA739160,A,z_nonagri_herb_density_200m,0.4499773199111151,0.09963739880481835,491,5401,2020
FRP-EA739160,A,z_built_density_200m,0.2870856257976973,0.13919475583828353,491,5401,2020
FRP-EA739160,A,sl_,-1.96166700670481e-4,1.354324719687902e-4,491,5401,2020
FRP-EA739160,A,log_sl_,0.0970884586864711,0.03484907148023101,491,5401,2020
FRP-EA739160,A,cos_ta_,-1.2583533405631453,0.0758685512821241,491,5401,2020
FRP-EA739173,A,z_dist_agricultural,-6.064779455140309,0.8489417894953538,728,8008,2020
FRP-EA739173,A,z_dist_water,0.5513024019289464,0.0454577533956229,728,8008,2020
FRP-EA739173,A,z_woody_density_200m,1.1517051946406025,0.15113232973933619,728,8008,2020
FRP-EA739173,A,z_nonagri_herb_density_200m,1.5473731169622094,0.0957664214132345,728,8008,2020
FRP-EA739173,A,z_built_density_200m,1.235144310265816,0.14984323448407932,728,8008,2020
FRP-EA739173,A,sl_,1.3406024811488023e-4,1.1858994105924127e-4,728,8008,2020
FRP-EA739173,A,log_sl_,0.39305716021762244,0.03971693055691036,728,8008,2020
FRP-EA739173,A,cos_ta_,-0.902862321330358,0.06828302344398206,728,8008,2020
FRP-EA739173,B,z_dist_agricultural,-3.783744887559637,0.5093924020188025,5908,64988,2020
FRP-EA739173,B,z_dist_water,0.46616610090764743,0.0254343803865356,5908,64988,2020
FRP-EA739173,B,z_woody_density_200m,1.0173708470567493,0.08631386413591766,5908,64988,2020
FRP-EA739173,B,z_nonagri_herb_density_200m,1.296412362883209,0.052463165495222994,5908,64988,2020
FRP-EA739173,B,z_built_density_200m,0.9605044302947987,0.08864843388405741,5908,64988,2020
FRP-EA739173,B,sl_,-1.847834341247091e-4,4.3452182565237454e-5,5908,64988,2020
FRP-EA739173,B,log_sl_,0.2753216423370058,0.011715275554129172,5908,64988,2020
FRP-EA739173,B,cos_ta_,-0.9474807654346636,0.022706237315241965,5908,64988,2020
FRP-EA739173,B,z_dist_agricultural:age_c,0.6090666285401799,0.3027214841784922,5908,64988,2020
FRP-EA739173,B,z_dist_water:age_c,0.008771120988647726,0.0157592467793658,5908,64988,2020
FRP-EA739173,B,z_woody_density_200m:age_c,-0.007183510502755621,0.05404851857707053,5908,64988,2020
FRP-EA739173,B,z_nonagri_herb_density_200m:age_c,-0.047827389020457634,0.03256190850494981,5908,64988,2020
FRP-EA739173,B,z_built_density_200m:age_c,-0.11076499302033069,0.0514284664502198,5908,64988,2020
FRP-EA739200,A,z_dist_agricultural,0.34742281355078913,0.12138620415915537,168,1848,2020
FRP-EA739200,A,z_dist_water,0.15073760127329222,0.09955791608606683,168,1848,2020
FRP-EA739200,A,z_woody_density_200m,1.024234430091626,0.15218129543767386,168,1848,2020
FRP-EA739200,A,z_nonagri_herb_density_200m,0.6595809114907835,0.1121944943905409,168,1848,2020
FRP-EA739200,A,z_built_density_200m,0.9525086718562181,0.2387660025252179,168,1848,2020
FRP-EA739200,A,sl_,-7.11326301514464e-5,8.509490334307882e-5,168,1848,2020
FRP-EA739200,A,log_sl_,0.12499484808996951,0.048495424098066515,168,1848,2020
FRP-EA739200,A,cos_ta_,-0.8748539492147942,0.13102450645382616,168,1848,2020
FRP-EA739213,A,z_dist_agricultural,-4.619853756974325,0.7176231924373665,1159,12749,2020
FRP-EA739213,A,z_dist_water,0.5651145307962411,0.0337243472444071,1159,12749,2020
FRP-EA739213,A,z_woody_density_200m,1.9546843674420542,0.15619355484454578,1159,12749,2020
FRP-EA739213,A,z_nonagri_herb_density_200m,1.273824280710794,0.09668914525353281,1159,12749,2020
FRP-EA739213,A,z_built_density_200m,0.6656351332100872,0.09205645273901877,1159,12749,2020
FRP-EA739213,A,sl_,-6.32465627181279e-4,1.2482205584020357e-4,1159,12749,2020
FRP-EA739213,A,log_sl_,0.26548841019786656,0.03066199870570772,1159,12749,2020
FRP-EA739213,A,cos_ta_,-0.8637823942876866,0.04973684152123642,1159,12749,2020
FRP-EA739214,A,z_dist_agricultural,0.08411809892360758,0.8052194536995989,597,6567,2020
FRP-EA739214,A,z_dist_water,-0.582862225991581,0.09908273751214934,597,6567,2020
FRP-EA739214,A,z_woody_density_200m,1.9207628500396867,0.17475522710107486,597,6567,2020
FRP-EA739214,A,z_nonagri_herb_density_200m,-0.640570889088753,0.14080662744158276,597,6567,2020
FRP-EA739214,A,z_built_density_200m,-0.2094987660281109,0.10587750958765536,597,6567,2020
FRP-EA739214,A,sl_,-0.0012173579515340873,1.7425054758125658e-4,597,6567,2020
FRP-EA739214,A,log_sl_,0.17857106562740452,0.03775793388539052,597,6567,2020
FRP-EA739214,A,cos_ta_,-1.0346664256364722,0.06842419726539253,597,6567,2020
FRP-EA739216,A,z_dist_agricultural,0.1412387649263349,0.13449642330994138,183,2013,2020
FRP-EA739216,A,z_dist_water,0.1063567201785445,0.09190564687320937,183,2013,2020
FRP-EA739216,A,z_woody_density_200m,0.9103424020215457,0.1505813541627584,183,2013,2020
FRP-EA739216,A,z_nonagri_herb_density_200m,0.361366450584454,0.14458148815488217,183,2013,2020
FRP-EA739216,A,z_built_density_200m,-0.014551625833553641,0.17155626272856164,183,2013,2020
FRP-EA739216,A,sl_,-7.154127026255299e-5,1.0243843470964934e-4,183,2013,2020
FRP-EA739216,A,log_sl_,0.03756546466097384,0.05145506560768495,183,2013,2020
FRP-EA739216,A,cos_ta_,-0.8037535923684407,0.11785427180362987,183,2013,2020
FRP-EA739219,A,z_dist_agricultural,2.6217465300312782e-5,0.06683830193900842,850,9350,2020
FRP-EA739219,A,z_dist_water,0.3821570070327358,0.03826438645547836,850,9350,2020
FRP-EA739219,A,z_woody_density_200m,0.5577332148742937,0.06641110211446886,850,9350,2020
FRP-EA739219,A,z_nonagri_herb_density_200m,0.45572739214269503,0.05865909219392305,850,9350,2020
FRP-EA739219,A,z_built_density_200m,0.4217023327538024,0.08888988542785832,850,9350,2020
FRP-EA739219,A,sl_,-3.457886349381433e-4,4.846886281415624e-5,850,9350,2020
FRP-EA739219,A,log_sl_,0.09782007931526147,0.020023696751034867,850,9350,2020
FRP-EA739219,A,cos_ta_,-0.6169092070744575,0.05352036084696144,850,9350,2020
FRP-EA739220,A,z_dist_agricultural,-1.2008033410133478,0.16393810632049008,628,6908,2020
FRP-EA739220,A,z_dist_water,-0.3092153890749002,0.11130085552435554,628,6908,2020
FRP-EA739220,A,z_woody_density_200m,0.0931522714091854,0.08908127006938908,628,6908,2020
FRP-EA739220,A,z_nonagri_herb_density_200m,0.45530932607143887,0.08138612859669173,628,6908,2020
FRP-EA739220,A,z_built_density_200m,-1.2363450993552128,0.11385573608273551,628,6908,2020
FRP-EA739220,A,sl_,2.467905337426841e-5,5.7044039038309814e-5,628,6908,2020
FRP-EA739220,A,log_sl_,0.0869160393279181,0.027416026371657475,628,6908,2020
FRP-EA739220,A,cos_ta_,-1.0403400130938456,0.06654046134445915,628,6908,2020
FRP-EC111807,A,z_dist_agricultural,-0.19357547600712516,0.09091211286432639,2098,23078,2021
FRP-EC111807,A,z_dist_water,-0.2991689463478348,0.06631362601657448,2098,23078,2021
FRP-EC111807,A,z_woody_density_200m,0.2216503119991745,0.07062357273198706,2098,23078,2021
FRP-EC111807,A,z_nonagri_herb_density_200m,0.33132866605165073,0.03734411207638006,2098,23078,2021
FRP-EC111807,A,z_built_density_200m,0.34063257893418125,0.05617657005725786,2098,23078,2021
FRP-EC111807,A,sl_,-4.837726593845843e-5,3.701399200553651e-5,2098,23078,2021
FRP-EC111807,A,log_sl_,0.012512007523121546,0.012695218843871094,2098,23078,2021
FRP-EC111807,A,cos_ta_,-1.1295609348440798,0.03490005053819375,2098,23078,2021
FRP-EC111807,B,z_dist_agricultural,-0.4012631507456559,0.13298802186314013,3046,33506,2021
FRP-EC111807,B,z_dist_water,-0.16794214388562775,0.0655113717254191,3046,33506,2021
FRP-EC111807,B,z_woody_density_200m,-1.6564903070729406,0.15440322490458128,3046,33506,2021
FRP-EC111807,B,z_nonagri_herb_density_200m,0.09594005977560059,0.06440706235513985,3046,33506,2021
FRP-EC111807,B,z_built_density_200m,0.07373898818211384,0.06033363433485135,3046,33506,2021
FRP-EC111807,B,sl_,-2.660811336237815e-4,3.9944398809926546e-5,3046,33506,2021
FRP-EC111807,B,log_sl_,0.045531888302766305,0.011563805183841713,3046,33506,2021
FRP-EC111807,B,cos_ta_,-1.119673905977498,0.02940048199485287,3046,33506,2021
FRP-EC111807,B,z_dist_agricultural:age_c,-0.24549432609670194,0.14465704906442203,3046,33506,2021
FRP-EC111807,B,z_dist_water:age_c,0.16130524506456206,0.06691563122286953,3046,33506,2021
FRP-EC111807,B,z_woody_density_200m:age_c,-2.170431580669342,0.1747157063039412,3046,33506,2021
FRP-EC111807,B,z_nonagri_herb_density_200m:age_c,-0.345912959766491,0.08079160939274271,3046,33506,2021
FRP-EC111807,B,z_built_density_200m:age_c,-0.17322666375344023,0.0658712059251772,3046,33506,2021
FRP-EC111820,A,z_dist_agricultural,-1.9637749113998506,0.17141530079999864,2307,25377,2021
FRP-EC111820,A,z_dist_water,-0.6298250505775486,0.053842186819965415,2307,25377,2021
FRP-EC111820,A,z_woody_density_200m,0.44527360242967,0.05441855557692459,2307,25377,2021
FRP-EC111820,A,z_nonagri_herb_density_200m,0.3273599966424206,0.06327427913359769,2307,25377,2021
FRP-EC111820,A,z_built_density_200m,-0.7006907506084817,0.05232944519127495,2307,25377,2021
FRP-EC111820,A,sl_,1.7640212809625182e-4,3.16794606321779e-5,2307,25377,2021
FRP-EC111820,A,log_sl_,0.061721555451622896,0.01321695437805401,2307,25377,2021
FRP-EC111820,A,cos_ta_,-1.0388394324585342,0.0340304580654452,2307,25377,2021
FRP-EC111820,B,z_dist_agricultural,-1.2711310834121852,0.3094081452966936,4088,44968,2021
FRP-EC111820,B,z_dist_water,-0.1444965403802584,0.035997618809709184,4088,44968,2021
FRP-EC111820,B,z_woody_density_200m,2.4217574213542625,0.1277368283451761,4088,44968,2021
FRP-EC111820,B,z_nonagri_herb_density_200m,-1.0057691690210993,0.163655613101524,4088,44968,2021
FRP-EC111820,B,z_built_density_200m,1.3953251179802477,0.09977422976518978,4088,44968,2021
FRP-EC111820,B,sl_,-4.024724980050129e-5,3.257974516244702e-5,4088,44968,2021
FRP-EC111820,B,log_sl_,0.060623992333600496,0.009999680804395731,4088,44968,2021
FRP-EC111820,B,cos_ta_,-1.1937472751606326,0.026275952755771343,4088,44968,2021
FRP-EC111820,B,z_dist_agricultural:age_c,0.4594816296168094,0.42035580121872623,4088,44968,2021
FRP-EC111820,B,z_dist_water:age_c,0.737654292179148,0.07839956588419812,4088,44968,2021
FRP-EC111820,B,z_woody_density_200m:age_c,2.440566170860428,0.1613664947068793,4088,44968,2021
FRP-EC111820,B,z_nonagri_herb_density_200m:age_c,-1.4733801790957446,0.20106126014132822,4088,44968,2021
FRP-EC111820,B,z_built_density_200m:age_c,2.7889683835237262,0.1378692937553464,4088,44968,2021
FRP-EC111822,A,z_dist_agricultural,-1.5773781788949945,0.2721318325543444,3032,33352,2021
FRP-EC111822,A,z_dist_water,-0.3759170359456509,0.0355428744331351,3032,33352,2021
FRP-EC111822,A,z_woody_density_200m,1.048486415250813,0.05482918798018068,3032,33352,2021
FRP-EC111822,A,z_nonagri_herb_density_200m,0.1927626738302778,0.036431752387113554,3032,33352,2021
FRP-EC111822,A,z_built_density_200m,-0.016818470721532277,0.05004688482163619,3032,33352,2021
FRP-EC111822,A,sl_,-2.681558145728752e-4,5.3645844109019314e-5,3032,33352,2021
FRP-EC111822,A,log_sl_,0.05496271035585982,0.014053995887409446,3032,33352,2021
FRP-EC111822,A,cos_ta_,-1.0431669891965163,0.029548730078220693,3032,33352,2021
FRP-EC111822,B,z_dist_agricultural,-1.0555719486543957,0.48857392744117556,3376,37136,2021
FRP-EC111822,B,z_dist_water,-0.5779338269670321,0.07465881721374609,3376,37136,2021
FRP-EC111822,B,z_woody_density_200m,1.2725092349812972,0.10411269949439148,3376,37136,2021
FRP-EC111822,B,z_nonagri_herb_density_200m,0.054410932995899365,0.0681103752218588,3376,37136,2021
FRP-EC111822,B,z_built_density_200m,0.08544416309769275,0.09287790789454343,3376,37136,2021
FRP-EC111822,B,sl_,-3.0650719728606864e-4,5.199702108703717e-5,3376,37136,2021
FRP-EC111822,B,log_sl_,0.0629243171372957,0.013513983058076736,3376,37136,2021
FRP-EC111822,B,cos_ta_,-1.0511248845068268,0.028096990781614706,3376,37136,2021
FRP-EC111822,B,z_dist_agricultural:age_c,0.7446817456117062,0.719152281162582,3376,37136,2021
FRP-EC111822,B,z_dist_water:age_c,-0.3168721341575837,0.10890675380496104,3376,37136,2021
FRP-EC111822,B,z_woody_density_200m:age_c,0.3335035224080873,0.15112569564436704,3376,37136,2021
FRP-EC111822,B,z_nonagri_herb_density_200m:age_c,-0.21252372983667225,0.10001637032995837,3376,37136,2021
FRP-EC111822,B,z_built_density_200m:age_c,0.16992263308721162,0.1405759340082976,3376,37136,2021
FRP-EC111823,A,z_dist_agricultural,-1.864449760813239,0.25854235008589044,2959,32549,2021
FRP-EC111823,A,z_dist_water,0.07686688706215405,0.026593968864542728,2959,32549,2021
FRP-EC111823,A,z_woody_density_200m,0.9764721256610328,0.0553625724022043,2959,32549,2021
FRP-EC111823,A,z_nonagri_herb_density_200m,0.9985429399350992,0.03720104172152585,2959,32549,2021
FRP-EC111823,A,z_built_density_200m,0.3217916565627449,0.04945836249778232,2959,32549,2021
FRP-EC111823,A,sl_,-5.183692595582043e-5,4.247668001019037e-5,2959,32549,2021
FRP-EC111823,A,log_sl_,0.1753065650946018,0.01487629118598291,2959,32549,2021
FRP-EC111823,A,cos_ta_,-0.8623846432827428,0.030692079990993403,2959,32549,2021
FRP-EC111823,B,z_dist_agricultural,-2.832021604872234,0.2683078414292348,4578,50358,2021
FRP-EC111823,B,z_dist_water,0.13308279221673133,0.025537367649560907,4578,50358,2021
FRP-EC111823,B,z_woody_density_200m,1.1833973715789634,0.050672614675655044,4578,50358,2021
FRP-EC111823,B,z_nonagri_herb_density_200m,0.9359206894856367,0.04041751751898464,4578,50358,2021
FRP-EC111823,B,z_built_density_200m,0.2911244371815657,0.051857616661500856,4578,50358,2021
FRP-EC111823,B,sl_,-3.233820243449472e-5,3.6747282323974826e-5,4578,50358,2021
FRP-EC111823,B,log_sl_,0.1563317744103434,0.01194663405154151,4578,50358,2021
FRP-EC111823,B,cos_ta_,-0.8790210570508098,0.024880834381445074,4578,50358,2021
FRP-EC111823,B,z_dist_agricultural:age_c,-1.2811946739346463,0.4517482567955102,4578,50358,2021
FRP-EC111823,B,z_dist_water:age_c,0.028904501008141903,0.04422277857819412,4578,50358,2021
FRP-EC111823,B,z_woody_density_200m:age_c,0.15334658185038347,0.09187378126819494,4578,50358,2021
FRP-EC111823,B,z_nonagri_herb_density_200m:age_c,-0.15738908058660164,0.07041972705927826,4578,50358,2021
FRP-EC111823,B,z_built_density_200m:age_c,-0.1677989714806143,0.09314777485677864,4578,50358,2021
FRP-EC111824,A,z_dist_agricultural,0.0015692094442477716,0.1404869172345504,133,1463,2021
FRP-EC111824,A,z_dist_water,-0.1387526943621489,0.1763855420911273,133,1463,2021
FRP-EC111824,A,z_woody_density_200m,0.4463251247851135,0.12179473289451989,133,1463,2021
FRP-EC111824,A,z_nonagri_herb_density_200m,0.05424484297763873,0.1570558425916258,133,1463,2021
FRP-EC111824,A,z_built_density_200m,-0.158454580100299,0.20587803573206598,133,1463,2021
FRP-EC111824,A,sl_,1.1005273946038879e-4,7.41352041248418e-5,133,1463,2021
FRP-EC111824,A,log_sl_,0.004912985930133732,0.04240269733111734,133,1463,2021
FRP-EC111824,A,cos_ta_,-0.9374677088849185,0.14020812442859765,133,1463,2021
FRP-EC111824,B,z_dist_agricultural,-0.33671181962823143,0.16958851901208905,501,5511,2021
FRP-EC111824,B,z_dist_water,-0.19900517799554002,0.13506137798423656,501,5511,2021
FRP-EC111824,B,z_woody_density_200m,0.6341898253822382,0.10029084279957827,501,5511,2021
FRP-EC111824,B,z_nonagri_herb_density_200m,0.29429697578865244,0.12291727500091747,501,5511,2021
FRP-EC111824,B,z_built_density_200m,0.0709495045236305,0.14972911301119438,501,5511,2021
FRP-EC111824,B,sl_,-2.071239522382553e-4,7.165429442402798e-5,501,5511,2021
FRP-EC111824,B,log_sl_,0.005385706763218831,0.022491471207770734,501,5511,2021
FRP-EC111824,B,cos_ta_,-1.1028442546495005,0.0727785660301467,501,5511,2021
FRP-EC111824,B,z_dist_agricultural:age_c,-0.39404738798266675,0.16282774453332716,501,5511,2021
FRP-EC111824,B,z_dist_water:age_c,-0.030928389819167193,0.09219267225815742,501,5511,2021
FRP-EC111824,B,z_woody_density_200m:age_c,0.13664388274391934,0.0719464692586555,501,5511,2021
FRP-EC111824,B,z_nonagri_herb_density_200m:age_c,0.16284368216752879,0.0904796799577808,501,5511,2021
FRP-EC111824,B,z_built_density_200m:age_c,0.27761508210535407,0.10743616671243199,501,5511,2021
FRP-EC111825,A,z_dist_agricultural,-3.501062208197203,0.2850137062729409,1275,14025,2021
FRP-EC111825,A,z_dist_water,0.21480979274683656,0.041019110946022876,1275,14025,2021
FRP-EC111825,A,z_woody_density_200m,1.4798380307666141,0.08624087207282662,1275,14025,2021
FRP-EC111825,A,z_nonagri_herb_density_200m,0.9091226195525665,0.08002864068946992,1275,14025,2021
FRP-EC111825,A,z_built_density_200m,0.3597613571018114,0.0849610908033016,1275,14025,2021
FRP-EC111825,A,sl_,7.894215915886166e-6,4.193076066775853e-5,1275,14025,2021
FRP-EC111825,A,log_sl_,0.07175347703012766,0.016164141034684006,1275,14025,2021
FRP-EC111825,A,cos_ta_,-0.9343804869570927,0.04612859418419118,1275,14025,2021
FRP-EC111826,A,z_dist_agricultural,-0.2491235777589962,0.05374203156827373,1277,14047,2021
FRP-EC111826,A,z_dist_water,-0.49331943770444225,0.05611525754437303,1277,14047,2021
FRP-EC111826,A,z_woody_density_200m,0.08525827548361202,0.04475141902587294,1277,14047,2021
FRP-EC111826,A,z_nonagri_herb_density_200m,-1.1367639212940432,0.08669006454737967,1277,14047,2021
FRP-EC111826,A,z_built_density_200m,-0.2868808259150466,0.046943685717279915,1277,14047,2021
FRP-EC111826,A,sl_,1.8460381132758217e-4,2.8476991237369847e-5,1277,14047,2021
FRP-EC111826,A,log_sl_,0.022364211518111337,0.01587954763652038,1277,14047,2021
FRP-EC111826,A,cos_ta_,-1.0436588304110936,0.04554497887647836,1277,14047,2021
FRP-EC111826,B,z_dist_agricultural,-0.040980943604911384,0.03835301058887989,5831,64141,2021
FRP-EC111826,B,z_dist_water,-0.3396084605108936,0.03387975171197438,5831,64141,2021
FRP-EC111826,B,z_woody_density_200m,-0.009403576895788933,0.02704888582525477,5831,64141,2021
FRP-EC111826,B,z_nonagri_herb_density_200m,-1.4093909975410528,0.058001613125343715,5831,64141,2021
FRP-EC111826,B,z_built_density_200m,-0.15271523153038236,0.03130044430623495,5831,64141,2021
FRP-EC111826,B,sl_,4.794100450955493e-5,1.631649166003022e-5,5831,64141,2021
FRP-EC111826,B,log_sl_,0.0770735039125372,0.008287699446715115,5831,64141,2021
FRP-EC111826,B,cos_ta_,-1.0505786313229932,0.02135695746880241,5831,64141,2021
FRP-EC111826,B,z_dist_agricultural:age_c,0.20236631625507986,0.024928044534322902,5831,64141,2021
FRP-EC111826,B,z_dist_water:age_c,0.023344418739048304,0.020318933483364717,5831,64141,2021
FRP-EC111826,B,z_woody_density_200m:age_c,0.055860861139897924,0.019134301810169403,5831,64141,2021
FRP-EC111826,B,z_nonagri_herb_density_200m:age_c,-0.3931288232204951,0.04001207469006246,5831,64141,2021
FRP-EC111826,B,z_built_density_200m:age_c,0.043293256895523054,0.01829802107802122,5831,64141,2021
FRP-EC111827,A,z_dist_agricultural,-2.9277873578834983,0.25184790535602836,3120,34320,2021
FRP-EC111827,A,z_dist_water,-0.2065020552517318,0.025321989481817655,3120,34320,2021
FRP-EC111827,A,z_woody_density_200m,0.3883300881719645,0.03409064645927791,3120,34320,2021
FRP-EC111827,A,z_nonagri_herb_density_200m,0.3563348927307294,0.028140323316504033,3120,34320,2021
FRP-EC111827,A,z_built_density_200m,-0.6790094794247814,0.03715709473695197,3120,34320,2021
FRP-EC111827,A,sl_,1.2121846880279563e-4,4.63263654512988e-5,3120,34320,2021
FRP-EC111827,A,log_sl_,0.13248305968021173,0.013531911279789829,3120,34320,2021
FRP-EC111827,A,cos_ta_,-1.176376210600588,0.030885925464211365,3120,34320,2021
FRP-EC111827,B,z_dist_agricultural,-4.544524917984092,0.7628610766844601,3308,36388,2021
FRP-EC111827,B,z_dist_water,-0.37380076965579057,0.05755376463392537,3308,36388,2021
FRP-EC111827,B,z_woody_density_200m,-0.06040557359962068,0.08027908290671676,3308,36388,2021
FRP-EC111827,B,z_nonagri_herb_density_200m,0.417404902626623,0.06234319749156392,3308,36388,2021
FRP-EC111827,B,z_built_density_200m,-0.9711579655585726,0.08628554130972413,3308,36388,2021
FRP-EC111827,B,sl_,1.662052794249326e-4,4.605241469262834e-5,3308,36388,2021
FRP-EC111827,B,log_sl_,0.14668311795305766,0.013453053117394385,3308,36388,2021
FRP-EC111827,B,cos_ta_,-1.1632221834469094,0.030092918932773736,3308,36388,2021
FRP-EC111827,B,z_dist_agricultural:age_c,-1.5481407159282399,0.905409418080311,3308,36388,2021
FRP-EC111827,B,z_dist_water:age_c,-0.29186334194435487,0.08469120027116556,3308,36388,2021
FRP-EC111827,B,z_woody_density_200m:age_c,-0.7034505427465133,0.11957339548048324,3308,36388,2021
FRP-EC111827,B,z_nonagri_herb_density_200m:age_c,0.031113561734687864,0.09492702341365075,3308,36388,2021
FRP-EC111827,B,z_built_density_200m:age_c,-0.5827124291564936,0.1340748504869097,3308,36388,2021
FRP-EC111829,A,z_dist_agricultural,-0.1586957728059621,0.05080303238862557,1837,20207,2021
FRP-EC111829,A,z_dist_water,-0.15645924784727402,0.048874806613809094,1837,20207,2021
FRP-EC111829,A,z_woody_density_200m,0.7493812376388149,0.06181009279458434,1837,20207,2021
FRP-EC111829,A,z_nonagri_herb_density_200m,0.6899038457973313,0.05091540067911894,1837,20207,2021
FRP-EC111829,A,z_built_density_200m,0.41488763239245846,0.0767866828313544,1837,20207,2021
FRP-EC111829,A,sl_,-4.604657798468736e-5,4.532831534043947e-5,1837,20207,2021
FRP-EC111829,A,log_sl_,0.0360866751855532,0.01414342494037295,1837,20207,2021
FRP-EC111829,A,cos_ta_,-1.1009691118845781,0.0379317591165216,1837,20207,2021
FRP-EC111829,B,z_dist_agricultural,-0.45989547296881517,0.040285151814150474,5708,62788,2021
FRP-EC111829,B,z_dist_water,-0.13485777646238867,0.029397537123383544,5708,62788,2021
FRP-EC111829,B,z_woody_density_200m,0.9721193104114272,0.03667028035444289,5708,62788,2021
FRP-EC111829,B,z_nonagri_herb_density_200m,0.9049793635492033,0.03148004436985889,5708,62788,2021
FRP-EC111829,B,z_built_density_200m,0.757948799903238,0.04943031967641518,5708,62788,2021
FRP-EC111829,B,sl_,-5.907388127139387e-5,2.6733176254657363e-5,5708,62788,2021
FRP-EC111829,B,log_sl_,0.06706398184798702,0.008426993036524897,5708,62788,2021
FRP-EC111829,B,cos_ta_,-1.1047532993419849,0.02178776542274322,5708,62788,2021
FRP-EC111829,B,z_dist_agricultural:age_c,-0.31515324110803233,0.04565883530751438,5708,62788,2021
FRP-EC111829,B,z_dist_water:age_c,0.08124535367844761,0.032493261972415026,5708,62788,2021
FRP-EC111829,B,z_woody_density_200m:age_c,0.4059198767006643,0.0469601554907513,5708,62788,2021
FRP-EC111829,B,z_nonagri_herb_density_200m:age_c,0.3099545459145274,0.03958410788492662,5708,62788,2021
FRP-EC111829,B,z_built_density_200m:age_c,0.4551911577870717,0.06009471148939325,5708,62788,2021
FRP-EC111830,A,z_dist_agricultural,-2.1486540232954403,1.530777826611278,308,3388,2021
FRP-EC111830,A,z_dist_water,0.23233072822003414,0.08076973709359622,308,3388,2021
FRP-EC111830,A,z_woody_density_200m,1.442003026503563,0.21872638433733552,308,3388,2021
FRP-EC111830,A,z_nonagri_herb_density_200m,0.9849306115693889,0.11099622033544682,308,3388,2021
FRP-EC111830,A,z_built_density_200m,1.4911488928971375,0.22570776035973167,308,3388,2021
FRP-EC111830,A,sl_,-4.1833232160899984e-4,2.5936140771759444e-4,308,3388,2021
FRP-EC111830,A,log_sl_,0.2506510842884192,0.051786956595836736,308,3388,2021
FRP-EC111830,A,cos_ta_,-1.1761241929086228,0.10150803932267373,308,3388,2021
FRP-EC111830,B,z_dist_agricultural,-2.0883950414415797,0.5985199749880629,4374,48114,2021
FRP-EC111830,B,z_dist_water,0.51866188748662,0.026319988644139952,4374,48114,2021
FRP-EC111830,B,z_woody_density_200m,1.112405645660747,0.09582875933626514,4374,48114,2021
FRP-EC111830,B,z_nonagri_herb_density_200m,1.1920676796507932,0.05549593580244118,4374,48114,2021
FRP-EC111830,B,z_built_density_200m,0.9026639514385574,0.081633253327035,4374,48114,2021
FRP-EC111830,B,sl_,-7.270333395262055e-4,6.949495151128974e-5,4374,48114,2021
FRP-EC111830,B,log_sl_,0.26930912285844766,0.014176982394686864,4374,48114,2021
FRP-EC111830,B,cos_ta_,-0.993929742079079,0.026177738892571276,4374,48114,2021
FRP-EC111830,B,z_dist_agricultural:age_c,1.4863161101673432,0.36908880234638436,4374,48114,2021
FRP-EC111830,B,z_dist_water:age_c,0.02488382690068893,0.024784411535174897,4374,48114,2021
FRP-EC111830,B,z_woody_density_200m:age_c,0.17514749034627652,0.0826081281865344,4374,48114,2021
FRP-EC111830,B,z_nonagri_herb_density_200m:age_c,0.06747238736253364,0.054362523650134276,4374,48114,2021
FRP-EC111830,B,z_built_density_200m:age_c,-0.18602835195451428,0.07692780523757636,4374,48114,2021
FRP-EC111832,A,z_dist_agricultural,-0.30937253226806405,0.2136056278789391,2929,32219,2021
FRP-EC111832,A,z_dist_water,-0.59990456294923,0.09904794150482557,2929,32219,2021
FRP-EC111832,A,z_woody_density_200m,1.0416016513675423,0.13069528894951993,2929,32219,2021
FRP-EC111832,A,z_nonagri_herb_density_200m,-1.1476553270451495,0.08951641804002532,2929,32219,2021
FRP-EC111832,A,z_built_density_200m,0.2633662332494383,0.05238159111195773,2929,32219,2021
FRP-EC111832,A,sl_,-4.5775745956465314e-4,1.0020331426693634e-4,2929,32219,2021
FRP-EC111832,A,log_sl_,0.14389739796190457,0.017990501397847174,2929,32219,2021
FRP-EC111832,A,cos_ta_,-0.9847729072285483,0.029230462177118628,2929,32219,2021
FRP-EC111832,B,z_dist_agricultural,-0.45870240517698624,0.12174622266278781,10017,110187,2021
FRP-EC111832,B,z_dist_water,-0.8951117835061684,0.058723521273230904,10017,110187,2021
FRP-EC111832,B,z_woody_density_200m,1.9705822054105757,0.07973084222482586,10017,110187,2021
FRP-EC111832,B,z_nonagri_herb_density_200m,-0.6555893370900702,0.045874393756806235,10017,110187,2021
FRP-EC111832,B,z_built_density_200m,0.4334933034004409,0.03490320044598154,10017,110187,2021
FRP-EC111832,B,sl_,-2.4280589630950346e-6,4.5192608853242844e-5,10017,110187,2021
FRP-EC111832,B,log_sl_,0.01546862556642374,0.008247935189405139,10017,110187,2021
FRP-EC111832,B,cos_ta_,-1.0353475255121205,0.016011141736515695,10017,110187,2021
FRP-EC111832,B,z_dist_agricultural:age_c,0.035129012060149685,0.10038393729030747,10017,110187,2021
FRP-EC111832,B,z_dist_water:age_c,-0.07691580608553819,0.04776968737710002,10017,110187,2021
FRP-EC111832,B,z_woody_density_200m:age_c,0.49179524367715843,0.06594585061282071,10017,110187,2021
FRP-EC111832,B,z_nonagri_herb_density_200m:age_c,0.033569462407149926,0.03871882608910429,10017,110187,2021
FRP-EC111832,B,z_built_density_200m:age_c,0.23379393392256625,0.030130524818822967,10017,110187,2021
FRP-EC111833,A,z_dist_agricultural,-0.09625668772128859,0.043229381166978574,2327,25597,2021
FRP-EC111833,A,z_dist_water,0.3808695899987244,0.03885494609633721,2327,25597,2021
FRP-EC111833,A,z_woody_density_200m,-0.010365868636187024,0.04889068713099617,2327,25597,2021
FRP-EC111833,A,z_nonagri_herb_density_200m,-0.848091618612108,0.0671839880114641,2327,25597,2021
FRP-EC111833,A,z_built_density_200m,0.6089107851288758,0.06462378953076413,2327,25597,2021
FRP-EC111833,A,sl_,-1.484584316028132e-4,2.6469815935447117e-5,2327,25597,2021
FRP-EC111833,A,log_sl_,0.05634565451020264,0.01200059704681481,2327,25597,2021
FRP-EC111833,A,cos_ta_,-1.0232644833034905,0.0335620043256404,2327,25597,2021
FRP-EC111833,B,z_dist_agricultural,0.0365267881505298,0.032963325005026585,3343,36773,2021
FRP-EC111833,B,z_dist_water,0.1944018028396552,0.051772770191633684,3343,36773,2021
FRP-EC111833,B,z_woody_density_200m,0.06759484969333497,0.04076846279258639,3343,36773,2021
FRP-EC111833,B,z_nonagri_herb_density_200m,-0.5842941819285876,0.05490745574641164,3343,36773,2021
FRP-EC111833,B,z_built_density_200m,0.4757648236658279,0.07058846298690352,3343,36773,2021
FRP-EC111833,B,sl_,-2.8238451388892054e-5,1.822920225381981e-5,3343,36773,2021
FRP-EC111833,B,log_sl_,0.032147455350385094,0.009482553465210593,3343,36773,2021
FRP-EC111833,B,cos_ta_,-0.9709599624075262,0.027545000289265344,3343,36773,2021
FRP-EC111833,B,z_dist_agricultural:age_c,0.0957899307363143,0.06813331835449454,3343,36773,2021
FRP-EC111833,B,z_dist_water:age_c,-0.24663512930989792,0.08029886174331169,3343,36773,2021
FRP-EC111833,B,z_woody_density_200m:age_c,-0.08447010633334702,0.0763346803068301,3343,36773,2021
FRP-EC111833,B,z_nonagri_herb_density_200m:age_c,0.10852688514292301,0.10383782886601407,3343,36773,2021
FRP-EC111833,B,z_built_density_200m:age_c,-0.25828766627976657,0.11839809508828862,3343,36773,2021
FRP-EC111834,A,z_dist_agricultural,-0.6064826191917889,0.10142603056430949,759,8349,2021
FRP-EC111834,A,z_dist_water,-0.13922013525755214,0.0892626008091125,759,8349,2021
FRP-EC111834,A,z_woody_density_200m,-0.15294247087586726,0.11690469817085251,759,8349,2021
FRP-EC111834,A,z_nonagri_herb_density_200m,-0.3902443617906643,0.10023081488927765,759,8349,2021
FRP-EC111834,A,z_built_density_200m,0.0306347806695103,0.32321849964958344,759,8349,2021
FRP-EC111834,A,sl_,-9.095266905454229e-6,5.8371027136881284e-5,759,8349,2021
FRP-EC111834,A,log_sl_,0.015147415767924277,0.02308178568536856,759,8349,2021
FRP-EC111834,A,cos_ta_,-1.0165881507717924,0.05713605461436099,759,8349,2021
FRP-EC111835,A,z_dist_agricultural,-0.32394677368138086,0.0963521250108213,2857,31427,2021
FRP-EC111835,A,z_dist_water,-0.75908076767355,0.08719369214789713,2857,31427,2021
FRP-EC111835,A,z_woody_density_200m,-0.2114841545604905,0.11206781021316295,2857,31427,2021
FRP-EC111835,A,z_nonagri_herb_density_200m,-0.4213967316743294,0.0502483121420205,2857,31427,2021
FRP-EC111835,A,z_built_density_200m,-0.08756732293079438,0.042332049027620056,2857,31427,2021
FRP-EC111835,A,sl_,-3.182093654815567e-4,5.768486497101237e-5,2857,31427,2021
FRP-EC111835,A,log_sl_,0.05441030531149871,0.01411760901565499,2857,31427,2021
FRP-EC111835,A,cos_ta_,-1.0538112105803767,0.029921922614603542,2857,31427,2021
FRP-EC111835,B,z_dist_agricultural,-0.419505616935915,0.07159848890147151,6838,75218,2021
FRP-EC111835,B,z_dist_water,-0.6952144878329115,0.05500037803749591,6838,75218,2021
FRP-EC111835,B,z_woody_density_200m,-0.1835597832370605,0.07167631379288897,6838,75218,2021
FRP-EC111835,B,z_nonagri_herb_density_200m,-0.3371610889698346,0.031679483608040855,6838,75218,2021
FRP-EC111835,B,z_built_density_200m,0.019931966504586215,0.027960950709020604,6838,75218,2021
FRP-EC111835,B,sl_,-8.159340513667805e-5,3.13326393810233e-5,6838,75218,2021
FRP-EC111835,B,log_sl_,0.020772078725269923,0.008643399129725152,6838,75218,2021
FRP-EC111835,B,cos_ta_,-1.0129766064944277,0.019159851883470462,6838,75218,2021
FRP-EC111835,B,z_dist_agricultural:age_c,-0.14197115183020925,0.09016252034971252,6838,75218,2021
FRP-EC111835,B,z_dist_water:age_c,0.34509704155780235,0.07236339753695335,6838,75218,2021
FRP-EC111835,B,z_woody_density_200m:age_c,0.04206435622935903,0.09604809834370452,6838,75218,2021
FRP-EC111835,B,z_nonagri_herb_density_200m:age_c,0.05196813349344177,0.04285104682736208,6838,75218,2021
FRP-EC111835,B,z_built_density_200m:age_c,0.05212563844415343,0.03704271735376041,6838,75218,2021
FRP-EC111836,A,z_dist_agricultural,-0.25901953258357574,0.04098105751039154,3345,36795,2021
FRP-EC111836,A,z_dist_water,-0.6516252006902351,0.036988913648707496,3345,36795,2021
FRP-EC111836,A,z_woody_density_200m,0.23922009240461986,0.04029227404654253,3345,36795,2021
FRP-EC111836,A,z_nonagri_herb_density_200m,0.26735609438066293,0.028374965739197153,3345,36795,2021
FRP-EC111836,A,z_built_density_200m,-0.6244172154402391,0.03405873581315045,3345,36795,2021
FRP-EC111836,A,sl_,-1.482820871556479e-4,3.827663326263611e-5,3345,36795,2021
FRP-EC111836,A,log_sl_,0.07844141438604858,0.014085224562238772,3345,36795,2021
FRP-EC111836,A,cos_ta_,-0.8586904202663068,0.027478277255874574,3345,36795,2021
FRP-EC111836,B,z_dist_agricultural,-2.820195135099233,0.2973881654132934,3704,40744,2021
FRP-EC111836,B,z_dist_water,-0.7671675014485512,0.07130270824954822,3704,40744,2021
FRP-EC111836,B,z_woody_density_200m,0.4123921702734196,0.08716154460948211,3704,40744,2021
FRP-EC111836,B,z_nonagri_herb_density_200m,0.49014825038309356,0.056911640334255074,3704,40744,2021
FRP-EC111836,B,z_built_density_200m,-0.30187423299824195,0.06477830288829908,3704,40744,2021
FRP-EC111836,B,sl_,-1.3943688469351538e-4,3.798582801537251e-5,3704,40744,2021
FRP-EC111836,B,log_sl_,0.07781989281010075,0.013509441997220532,3704,40744,2021
FRP-EC111836,B,cos_ta_,-0.851283846449512,0.026135501371946562,3704,40744,2021
FRP-EC111836,B,z_dist_agricultural:age_c,-2.715020381314699,0.31657617640599617,3704,40744,2021
FRP-EC111836,B,z_dist_water:age_c,-0.2153085259474949,0.11028891011928892,3704,40744,2021
FRP-EC111836,B,z_woody_density_200m:age_c,0.2841976622328904,0.11460867756561112,3704,40744,2021
FRP-EC111836,B,z_nonagri_herb_density_200m:age_c,0.3651525095513919,0.08023245870810411,3704,40744,2021
FRP-EC111836,B,z_built_density_200m:age_c,0.6778740415312081,0.10805352649963597,3704,40744,2021
FRP-EC111837,A,z_dist_agricultural,-1.3663829686989493,0.29228528257431197,2717,29887,2021
FRP-EC111837,A,z_dist_water,-1.3936893207404728,0.08121921407799776,2717,29887,2021
FRP-EC111837,A,z_woody_density_200m,0.3840703681549961,0.06491420789809543,2717,29887,2021
FRP-EC111837,A,z_nonagri_herb_density_200m,0.19686010732861828,0.06174885310276347,2717,29887,2021
FRP-EC111837,A,z_built_density_200m,-1.056658980935722,0.04562604553227234,2717,29887,2021
FRP-EC111837,A,sl_,5.209909298821958e-4,5.884842313493779e-5,2717,29887,2021
FRP-EC111837,A,log_sl_,0.11116806195069634,0.018184429147398144,2717,29887,2021
FRP-EC111837,A,cos_ta_,-1.2233600783002536,0.032710169978617004,2717,29887,2021
FRP-EC111837,B,z_dist_agricultural,-3.0548316084939384,0.22835118294022771,11742,129162,2021
FRP-EC111837,B,z_dist_water,-1.8227548003892988,0.061201741462446176,11742,129162,2021
FRP-EC111837,B,z_woody_density_200m,0.08505157532595745,0.05232172783128332,11742,129162,2021
FRP-EC111837,B,z_nonagri_herb_density_200m,0.14276807829588903,0.0478253453323175,11742,129162,2021
FRP-EC111837,B,z_built_density_200m,-1.6196782717080143,0.03261643717216072,11742,129162,2021
FRP-EC111837,B,sl_,-2.0135806097069437e-4,4.40331554868184e-5,11742,129162,2021
FRP-EC111837,B,log_sl_,0.3622986285295328,0.011395735213949182,11742,129162,2021
FRP-EC111837,B,cos_ta_,-1.2497505799898865,0.01682831315771166,11742,129162,2021
FRP-EC111837,B,z_dist_agricultural:age_c,-0.8207502792607938,0.14948685673500942,11742,129162,2021
FRP-EC111837,B,z_dist_water:age_c,-0.2568440139442957,0.04211728214870224,11742,129162,2021
FRP-EC111837,B,z_woody_density_200m:age_c,-0.372832613421555,0.04648028675850436,11742,129162,2021
FRP-EC111837,B,z_nonagri_herb_density_200m:age_c,-0.16003628769642594,0.038498457616021525,11742,129162,2021
FRP-EC111837,B,z_built_density_200m:age_c,-0.1819776108584321,0.02017642960353467,11742,129162,2021
FRP-EC111867,A,z_dist_agricultural,0.3553622712849429,0.07475680626992233,3059,33649,2021
FRP-EC111867,A,z_dist_water,0.4660437472152703,0.019406974556017195,3059,33649,2021
FRP-EC111867,A,z_woody_density_200m,1.1128491930197637,0.046931222321041625,3059,33649,2021
FRP-EC111867,A,z_nonagri_herb_density_200m,0.4766989610140559,0.041316219420828644,3059,33649,2021
FRP-EC111867,A,z_built_density_200m,0.313604583705056,0.04164512027465582,3059,33649,2021
FRP-EC111867,A,sl_,-2.631383307394501e-4,2.8695266569417994e-5,3059,33649,2021
FRP-EC111867,A,log_sl_,0.11809263304887395,0.01230107888905688,3059,33649,2021
FRP-EC111867,A,cos_ta_,-0.9047528697730466,0.029341598279152625,3059,33649,2021
FRP-EC111867,B,z_dist_agricultural,-0.23478467054228366,0.12273554847501104,3907,42977,2021
FRP-EC111867,B,z_dist_water,0.32637078064299013,0.029563927007596268,3907,42977,2021
FRP-EC111867,B,z_woody_density_200m,0.9214113018680067,0.05085537947078212,3907,42977,2021
FRP-EC111867,B,z_nonagri_herb_density_200m,0.47913223794116344,0.048577550735148,3907,42977,2021
FRP-EC111867,B,z_built_density_200m,0.24129184202527304,0.05804833458964925,3907,42977,2021
FRP-EC111867,B,sl_,-1.7367452495852822e-4,2.4264565437448572e-5,3907,42977,2021
FRP-EC111867,B,log_sl_,0.10879656074581799,0.010654531933817522,3907,42977,2021
FRP-EC111867,B,cos_ta_,-0.9132091431100763,0.02603575724476421,3907,42977,2021
FRP-EC111867,B,z_dist_agricultural:age_c,-0.6218816303174339,0.16084924448390905,3907,42977,2021
FRP-EC111867,B,z_dist_water:age_c,-0.24983690649519708,0.04654378651386498,3907,42977,2021
FRP-EC111867,B,z_woody_density_200m:age_c,-0.33036953671400643,0.09392008976792993,3907,42977,2021
FRP-EC111867,B,z_nonagri_herb_density_200m:age_c,0.02987486133116718,0.0872251647054771,3907,42977,2021
FRP-EC111867,B,z_built_density_200m:age_c,-0.16906437847092992,0.09700001193689158,3907,42977,2021
FRP-EC111874,A,z_dist_agricultural,75.84644806995212,23.126809826570124,739,8129,2021
FRP-EC111874,A,z_dist_water,-0.19003123812841663,0.07735647836307731,739,8129,2021
FRP-EC111874,A,z_woody_density_200m,0.7172989126302111,0.44096680136036104,739,8129,2021
FRP-EC111874,A,z_nonagri_herb_density_200m,-3.4308712609419207,0.7267410290146707,739,8129,2021
FRP-EC111874,A,z_built_density_200m,1.6554624393540283,1.8743703637227889,739,8129,2021
FRP-EC111874,A,sl_,-0.05006478262894729,0.0041609761742755534,739,8129,2021
FRP-EC111874,A,log_sl_,0.7900955223005327,0.07754414119203,739,8129,2021
FRP-EC111874,A,cos_ta_,-1.5555069085973754,0.06818747265315546,739,8129,2021
FRP-EC111884,A,z_dist_agricultural,-0.5791150245911518,0.146576647756542,2783,30613,2021
FRP-EC111884,A,z_dist_water,-0.24171482891455667,0.030192127639153583,2783,30613,2021
FRP-EC111884,A,z_woody_density_200m,0.7612369146557588,0.04788743421725511,2783,30613,2021
FRP-EC111884,A,z_nonagri_herb_density_200m,0.40554379824599845,0.02942927026156078,2783,30613,2021
FRP-EC111884,A,z_built_density_200m,-0.012667711868419742,0.04614765040169639,2783,30613,2021
FRP-EC111884,A,sl_,1.8759788667463843e-5,3.858831472776925e-5,2783,30613,2021
FRP-EC111884,A,log_sl_,0.12023148501696272,0.016062137206852862,2783,30613,2021
FRP-EC111884,A,cos_ta_,-1.0408856569901632,0.031157773827942277,2783,30613,2021
FRP-EC111884,B,z_dist_agricultural,-0.6458771836861481,0.13256353460953638,6524,71764,2021
FRP-EC111884,B,z_dist_water,-0.12387273345263389,0.019251552134366162,6524,71764,2021
FRP-EC111884,B,z_woody_density_200m,0.6013037805861683,0.03608704421741142,6524,71764,2021
FRP-EC111884,B,z_nonagri_herb_density_200m,0.27082854880011364,0.02323322213181474,6524,71764,2021
FRP-EC111884,B,z_built_density_200m,-0.0692058207912238,0.031094644149064366,6524,71764,2021
FRP-EC111884,B,sl_,-2.093020316134705e-4,3.1717902798343876e-5,6524,71764,2021
FRP-EC111884,B,log_sl_,0.09762152429756109,0.010302334957617428,6524,71764,2021
FRP-EC111884,B,cos_ta_,-1.104169391701592,0.020435318900326734,6524,71764,2021
FRP-EC111884,B,z_dist_agricultural:age_c,-0.5031634872353178,0.18487850984120013,6524,71764,2021
FRP-EC111884,B,z_dist_water:age_c,0.35385983867276094,0.020733063634343997,6524,71764,2021
FRP-EC111884,B,z_woody_density_200m:age_c,-0.4914649039386387,0.053437065115834244,6524,71764,2021
FRP-EC111884,B,z_nonagri_herb_density_200m:age_c,-0.27862174649807786,0.03808556530152783,6524,71764,2021
FRP-EC111884,B,z_built_density_200m:age_c,-0.1113748310962901,0.03617081249688132,6524,71764,2021
FRP-EC111894,A,z_dist_agricultural,-0.16840556093389294,0.2373627490512332,215,2365,2021
FRP-EC111894,A,z_dist_water,-0.0660633536449866,0.10341141717321545,215,2365,2021
FRP-EC111894,A,z_woody_density_200m,0.6335305099402545,0.13290078888247542,215,2365,2021
FRP-EC111894,A,z_nonagri_herb_density_200m,0.2312880367049659,0.14322454778544497,215,2365,2021
FRP-EC111894,A,z_built_density_200m,0.08219377714022517,0.1439564773043739,215,2365,2021
FRP-EC111894,A,sl_,-9.997222057554188e-5,8.032293605910728e-5,215,2365,2021
FRP-EC111894,A,log_sl_,-0.04924880339633257,0.03860314838948042,215,2365,2021
FRP-EC111894,A,cos_ta_,-0.9911711118551333,0.11063169905544142,215,2365,2021
FRP-EC112900,A,z_dist_agricultural,-0.26573115132302955,0.07787244459068819,3064,33704,2022
FRP-EC112900,A,z_dist_water,-0.03211705786533928,0.026749570856887846,3064,33704,2022
FRP-EC112900,A,z_woody_density_200m,0.16684031367325572,0.03410405340967277,3064,33704,2022
FRP-EC112900,A,z_nonagri_herb_density_200m,0.21510989278578058,0.029667469061795772,3064,33704,2022
FRP-EC112900,A,z_built_density_200m,0.14950375313556588,0.03257100399286191,3064,33704,2022
FRP-EC112900,A,sl_,7.889922387587228e-4,4.2201725992941055e-5,3064,33704,2022
FRP-EC112900,A,log_sl_,-0.009435436084712388,0.013392792112233105,3064,33704,2022
FRP-EC112900,A,cos_ta_,-1.1428009241287116,0.0291847857105575,3064,33704,2022
FRP-EC112900,B,z_dist_agricultural,0.3098404266235298,0.08100159578347703,10851,119361,2022
FRP-EC112900,B,z_dist_water,0.33156896902118416,0.01818284904695234,10851,119361,2022
FRP-EC112900,B,z_woody_density_200m,0.7628332350979609,0.04632243131877613,10851,119361,2022
FRP-EC112900,B,z_nonagri_herb_density_200m,-0.8641121838760305,0.03886600284042486,10851,119361,2022
FRP-EC112900,B,z_built_density_200m,0.5535185757433118,0.02981602661067371,10851,119361,2022
FRP-EC112900,B,sl_,-6.490730942911844e-5,3.726184962691472e-5,10851,119361,2022
FRP-EC112900,B,log_sl_,0.13607295977333028,0.008683001470438725,10851,119361,2022
FRP-EC112900,B,cos_ta_,-1.2758349848833825,0.01639292026811028,10851,119361,2022
FRP-EC112900,B,z_dist_agricultural:age_c,0.6268380043604943,0.08290131688616444,10851,119361,2022
FRP-EC112900,B,z_dist_water:age_c,0.35062201057663395,0.016377246691247665,10851,119361,2022
FRP-EC112900,B,z_woody_density_200m:age_c,0.507995458735144,0.054934377618021876,10851,119361,2022
FRP-EC112900,B,z_nonagri_herb_density_200m:age_c,-1.4731056636115694,0.047515923628432453,10851,119361,2022
FRP-EC112900,B,z_built_density_200m:age_c,0.40472315600000675,0.03416596151004025,10851,119361,2022
FRP-EC112904,A,z_dist_agricultural,0.14319294568707297,0.06790787096643064,2097,23067,2022
FRP-EC112904,A,z_dist_water,0.1346455615153693,0.02719080371964469,2097,23067,2022
FRP-EC112904,A,z_woody_density_200m,0.8689404345767778,0.055993175352827176,2097,23067,2022
FRP-EC112904,A,z_nonagri_herb_density_200m,0.3802470261637404,0.027696765345096557,2097,23067,2022
FRP-EC112904,A,z_built_density_200m,-0.26509385651311335,0.06913959896929656,2097,23067,2022
FRP-EC112904,A,sl_,2.503806988033924e-4,4.728333058152339e-5,2097,23067,2022
FRP-EC112904,A,log_sl_,0.2633129352720955,0.018721135268190213,2097,23067,2022
FRP-EC112904,A,cos_ta_,-1.0654947474103769,0.0380211083330896,2097,23067,2022
FRP-EC112904,B,z_dist_agricultural,0.40336056280994287,0.11612466387685767,5196,57156,2022
FRP-EC112904,B,z_dist_water,0.1993756340692057,0.019080646424507994,5196,57156,2022
FRP-EC112904,B,z_woody_density_200m,0.9058258199780769,0.041008274781064544,5196,57156,2022
FRP-EC112904,B,z_nonagri_herb_density_200m,0.35401219025148134,0.020377150034841883,5196,57156,2022
FRP-EC112904,B,z_built_density_200m,-0.47916307883748244,0.053974824762570796,5196,57156,2022
FRP-EC112904,B,sl_,1.0194743509778352e-4,4.314929598656466e-5,5196,57156,2022
FRP-EC112904,B,log_sl_,0.29102287148886424,0.012743762986985426,5196,57156,2022
FRP-EC112904,B,cos_ta_,-1.1232717274586528,0.024959372187988056,5196,57156,2022
FRP-EC112904,B,z_dist_agricultural:age_c,0.2543299690316146,0.11700622243507851,5196,57156,2022
FRP-EC112904,B,z_dist_water:age_c,0.04795526987089012,0.013320302892038253,5196,57156,2022
FRP-EC112904,B,z_woody_density_200m:age_c,0.06721450070741128,0.030438867328903125,5196,57156,2022
FRP-EC112904,B,z_nonagri_herb_density_200m:age_c,-0.042959673669517244,0.015390638211808734,5196,57156,2022
FRP-EC112904,B,z_built_density_200m:age_c,-0.34979223682566685,0.044267477219388,5196,57156,2022
FRP-EC112905,A,z_dist_agricultural,0.46043456946936273,0.13450295043873478,2335,25685,2022
FRP-EC112905,A,z_dist_water,0.6320141228997563,0.023040292731489765,2335,25685,2022
FRP-EC112905,A,z_woody_density_200m,0.9847925914884778,0.07508124054724381,2335,25685,2022
FRP-EC112905,A,z_nonagri_herb_density_200m,0.19188308111999802,0.04898098961065448,2335,25685,2022
FRP-EC112905,A,z_built_density_200m,0.31812529079226126,0.060173264864568886,2335,25685,2022
FRP-EC112905,A,sl_,-4.92903058610346e-4,6.994347605189345e-5,2335,25685,2022
FRP-EC112905,A,log_sl_,0.20666449673293366,0.01835688719680521,2335,25685,2022
FRP-EC112905,A,cos_ta_,-0.9414433202309448,0.03398314472013948,2335,25685,2022
FRP-EC112907,A,z_dist_agricultural,-0.3809113495679126,0.2543258279313105,2079,22869,2022
FRP-EC112907,A,z_dist_water,0.9444721813995066,0.03156094354780353,2079,22869,2022
FRP-EC112907,A,z_woody_density_200m,2.038841236244508,0.1579185825857247,2079,22869,2022
FRP-EC112907,A,z_nonagri_herb_density_200m,1.12605538998243,0.06794921000923898,2079,22869,2022
FRP-EC112907,A,z_built_density_200m,2.172880532762006,0.12659953887074357,2079,22869,2022
FRP-EC112907,A,sl_,-6.500243440031949e-4,9.162943568256136e-5,2079,22869,2022
FRP-EC112907,A,log_sl_,0.4337924532488805,0.02683591815233799,2079,22869,2022
FRP-EC112907,A,cos_ta_,-1.1741982260725368,0.04045683344246744,2079,22869,2022
FRP-EC112907,B,z_dist_agricultural,-0.136700057214756,0.39020931993736563,2823,31053,2022
FRP-EC112907,B,z_dist_water,0.9144165681336813,0.04384743419504097,2823,31053,2022
FRP-EC112907,B,z_woody_density_200m,2.9073434378793133,0.24939688291844284,2823,31053,2022
FRP-EC112907,B,z_nonagri_herb_density_200m,1.3904610030812976,0.1195896032656265,2823,31053,2022
FRP-EC112907,B,z_built_density_200m,2.9993245512819264,0.22729624715915278,2823,31053,2022
FRP-EC112907,B,sl_,-7.762132577958366e-4,8.515985339977732e-5,2823,31053,2022
FRP-EC112907,B,log_sl_,0.38528936472100395,0.021562148009189767,2823,31053,2022
FRP-EC112907,B,cos_ta_,-1.19618938494236,0.03449049331492758,2823,31053,2022
FRP-EC112907,B,z_dist_agricultural:age_c,0.7841118528081211,0.5539556601082302,2823,31053,2022
FRP-EC112907,B,z_dist_water:age_c,0.03441377153431674,0.059594768810247147,2823,31053,2022
FRP-EC112907,B,z_woody_density_200m:age_c,1.1595505746298518,0.3496039485180547,2823,31053,2022
FRP-EC112907,B,z_nonagri_herb_density_200m:age_c,0.34114529040924274,0.1615197462322204,2823,31053,2022
FRP-EC112907,B,z_built_density_200m:age_c,1.1615016513282848,0.30884035731161236,2823,31053,2022
FRP-EC112956,A,z_dist_agricultural,0.21186723984616554,0.5756732660638831,1505,16555,2022
FRP-EC112956,A,z_dist_water,0.1056304624741553,0.03436529429804176,1505,16555,2022
FRP-EC112956,A,z_woody_density_200m,0.9529978990889982,0.07334952918998978,1505,16555,2022
FRP-EC112956,A,z_nonagri_herb_density_200m,0.4065015641214755,0.03397443513065579,1505,16555,2022
FRP-EC112956,A,z_built_density_200m,-0.6258595187671995,0.1015143757282676,1505,16555,2022
FRP-EC112956,A,sl_,7.995879556630378e-4,1.2584774527130328e-4,1505,16555,2022
FRP-EC112956,A,log_sl_,0.2373808611993229,0.027156502688990357,1505,16555,2022
FRP-EC112956,A,cos_ta_,-1.2477012046449119,0.04689523049848383,1505,16555,2022
FRP-EC112956,B,z_dist_agricultural,-1.7242643177090562,0.42792210199490077,5484,60324,2022
FRP-EC112956,B,z_dist_water,-0.03131836491367534,0.023147978809825207,5484,60324,2022
FRP-EC112956,B,z_woody_density_200m,0.6469439488805544,0.04806136452083973,5484,60324,2022
FRP-EC112956,B,z_nonagri_herb_density_200m,0.42532033632492233,0.022752546505221002,5484,60324,2022
FRP-EC112956,B,z_built_density_200m,-0.7239598756825958,0.06712169455126318,5484,60324,2022
FRP-EC112956,B,sl_,2.678789265836144e-4,6.742733348984586e-5,5484,60324,2022
FRP-EC112956,B,log_sl_,0.2131423399189053,0.014147729423712728,5484,60324,2022
FRP-EC112956,B,cos_ta_,-1.332513003662237,0.024108754436818175,5484,60324,2022
FRP-EC112956,B,z_dist_agricultural:age_c,-2.22403174010534,0.3187785904390325,5484,60324,2022
FRP-EC112956,B,z_dist_water:age_c,-0.2855927277158946,0.015946821374151432,5484,60324,2022
FRP-EC112956,B,z_woody_density_200m:age_c,-0.7854343062690754,0.03803881755555907,5484,60324,2022
FRP-EC112956,B,z_nonagri_herb_density_200m:age_c,0.013064600090564756,0.02091755435858821,5484,60324,2022
FRP-EC112956,B,z_built_density_200m:age_c,-0.42994210827884716,0.040281356274670777,5484,60324,2022
FRP-EC113550,A,z_dist_agricultural,-0.9938080445188446,0.28513404275269116,2011,22121,2022
FRP-EC113550,A,z_dist_water,-0.665407138268476,0.06314193042512238,2011,22121,2022
FRP-EC113550,A,z_woody_density_200m,0.817885152787484,0.05849718318950875,2011,22121,2022
FRP-EC113550,A,z_nonagri_herb_density_200m,-0.673304835403436,0.10404655297542163,2011,22121,2022
FRP-EC113550,A,z_built_density_200m,-0.22537220661801427,0.05410450301174213,2011,22121,2022
FRP-EC113550,A,sl_,-2.0175716333218784e-4,6.783299890341289e-5,2011,22121,2022
FRP-EC113550,A,log_sl_,0.10817098957180979,0.01904942929636605,2011,22121,2022
FRP-EC113550,A,cos_ta_,-0.9348888985483993,0.03633512379844734,2011,22121,2022
FRP-EC113550,B,z_dist_agricultural,-1.1354951680941512,0.45582156398748874,3391,37301,2022
FRP-EC113550,B,z_dist_water,-2.1177664769530327,0.1493642506022187,3391,37301,2022
FRP-EC113550,B,z_woody_density_200m,1.0608662644705762,0.06556136366395299,3391,37301,2022
FRP-EC113550,B,z_nonagri_herb_density_200m,-0.5303539694326618,0.15978906548409413,3391,37301,2022
FRP-EC113550,B,z_built_density_200m,-0.2258862684109211,0.07032034126143082,3391,37301,2022
FRP-EC113550,B,sl_,-3.1519887157407326e-4,5.883316809770728e-5,3391,37301,2022
FRP-EC113550,B,log_sl_,0.2040217631639885,0.016587142576797657,3391,37301,2022
FRP-EC113550,B,cos_ta_,-0.9184047596542871,0.02868481572736592,3391,37301,2022
FRP-EC113550,B,z_dist_agricultural:age_c,-0.16507005910718445,0.6151579511695325,3391,37301,2022
FRP-EC113550,B,z_dist_water:age_c,-1.7598416882397865,0.18429785658627215,3391,37301,2022
FRP-EC113550,B,z_woody_density_200m:age_c,0.29106093627462043,0.09144026529395968,3391,37301,2022
FRP-EC113550,B,z_nonagri_herb_density_200m:age_c,0.05498016619553308,0.21213045401037078,3391,37301,2022
FRP-EC113550,B,z_built_density_200m:age_c,0.01098319914040062,0.10046116225095061,3391,37301,2022
FRP-EC113551,A,z_dist_agricultural,-0.5187161987722858,0.3738301380203425,3954,43494,2022
FRP-EC113551,A,z_dist_water,-0.6823437060733536,0.04690503472468291,3954,43494,2022
FRP-EC113551,A,z_woody_density_200m,0.7621051300455789,0.06087489117731576,3954,43494,2022
FRP-EC113551,A,z_nonagri_herb_density_200m,0.09324267545735178,0.04684001761925719,3954,43494,2022
FRP-EC113551,A,z_built_density_200m,0.017493581101071673,0.05149467009302249,3954,43494,2022
FRP-EC113551,A,sl_,6.53373851447139e-4,6.682738209298083e-5,3954,43494,2022
FRP-EC113551,A,log_sl_,0.04158501756698157,0.015052550144435855,3954,43494,2022
FRP-EC113551,A,cos_ta_,-1.3895096252310952,0.02707372235745529,3954,43494,2022
FRP-EC113551,B,z_dist_agricultural,0.5634701402326422,0.29151669882612774,14131,155441,2022
FRP-EC113551,B,z_dist_water,-2.1038467997609507,0.05179511143085342,14131,155441,2022
FRP-EC113551,B,z_woody_density_200m,0.9792752563112286,0.05216405946772338,14131,155441,2022
FRP-EC113551,B,z_nonagri_herb_density_200m,0.1249125749770581,0.046167598552531365,14131,155441,2022
FRP-EC113551,B,z_built_density_200m,-0.12553299617480826,0.03685623116670715,14131,155441,2022
FRP-EC113551,B,sl_,-2.3068728574795046e-4,5.09972926947283e-5,14131,155441,2022
FRP-EC113551,B,log_sl_,0.1263431487337743,0.008564553588235102,14131,155441,2022
FRP-EC113551,B,cos_ta_,-1.3946361091983712,0.014628030805840221,14131,155441,2022
FRP-EC113551,B,z_dist_agricultural:age_c,0.22163898498003418,0.2965280410678364,14131,155441,2022
FRP-EC113551,B,z_dist_water:age_c,-1.9909160680845388,0.06053203569112545,14131,155441,2022
FRP-EC113551,B,z_woody_density_200m:age_c,-0.5378874555429107,0.06298072767847146,14131,155441,2022
FRP-EC113551,B,z_nonagri_herb_density_200m:age_c,-0.03619702579369826,0.06330255152545405,14131,155441,2022
FRP-EC113551,B,z_built_density_200m:age_c,-0.5501529976013182,0.035692625079899176,14131,155441,2022
FRP-EC113553,A,z_dist_agricultural,1.608495579072696,0.19247542555999914,2206,24266,2022
FRP-EC113553,A,z_dist_water,0.820545418116326,0.030494361238119824,2206,24266,2022
FRP-EC113553,A,z_woody_density_200m,1.082170175345561,0.1383106846967432,2206,24266,2022
FRP-EC113553,A,z_nonagri_herb_density_200m,0.1890954948492494,0.07379138100801619,2206,24266,2022
FRP-EC113553,A,z_built_density_200m,0.4947515858249927,0.07336197444937859,2206,24266,2022
FRP-EC113553,A,sl_,4.904587339971114e-4,8.053125251824506e-5,2206,24266,2022
FRP-EC113553,A,log_sl_,0.1875924695904141,0.0249076535836135,2206,24266,2022
FRP-EC113553,A,cos_ta_,-1.225030103895205,0.036541122581632175,2206,24266,2022
FRP-EC113553,B,z_dist_agricultural,2.0118881164212756,0.1312801804505887,10254,112794,2022
FRP-EC113553,B,z_dist_water,0.6582215271256108,0.01932920841898425,10254,112794,2022
FRP-EC113553,B,z_woody_density_200m,1.9712485356238232,0.09141369755545012,10254,112794,2022
FRP-EC113553,B,z_nonagri_herb_density_200m,0.1494359136477053,0.04938856667333243,10254,112794,2022
FRP-EC113553,B,z_built_density_200m,0.7498849390839943,0.04852541602919538,10254,112794,2022
FRP-EC113553,B,sl_,-2.3485387519363266e-4,4.3105282455120594e-5,10254,112794,2022
FRP-EC113553,B,log_sl_,0.13520577385641447,0.01045518012143669,10254,112794,2022
FRP-EC113553,B,cos_ta_,-1.3320685449171847,0.016860462116347157,10254,112794,2022
FRP-EC113553,B,z_dist_agricultural:age_c,-0.42098736239565626,0.10312619097549278,10254,112794,2022
FRP-EC113553,B,z_dist_water:age_c,-0.21122090279100342,0.019709240309502284,10254,112794,2022
FRP-EC113553,B,z_woody_density_200m:age_c,0.33783895971475464,0.07166302709970741,10254,112794,2022
FRP-EC113553,B,z_nonagri_herb_density_200m:age_c,0.11464674484370192,0.040017186151174125,10254,112794,2022
FRP-EC113553,B,z_built_density_200m:age_c,0.19844244339743125,0.03873270334693257,10254,112794,2022
FRP-EC113554,A,z_dist_agricultural,-0.07695495158445724,0.10492828048520592,3272,35992,2022
FRP-EC113554,A,z_dist_water,0.219026962699626,0.023506295297217743,3272,35992,2022
FRP-EC113554,A,z_woody_density_200m,1.2016223424157564,0.06042361354777358,3272,35992,2022
FRP-EC113554,A,z_nonagri_herb_density_200m,1.0145200191168549,0.04510040574672213,3272,35992,2022
FRP-EC113554,A,z_built_density_200m,0.18960828872925065,0.045810021920047864,3272,35992,2022
FRP-EC113554,A,sl_,-4.228012983366506e-4,4.774067428747162e-5,3272,35992,2022
FRP-EC113554,A,log_sl_,0.17197182895394172,0.014451526869548143,3272,35992,2022
FRP-EC113554,A,cos_ta_,-1.0754254315372271,0.029661483458118275,3272,35992,2022
FRP-EC113554,B,z_dist_agricultural,-0.8848424297076767,0.10615816870982508,11936,131296,2022
FRP-EC113554,B,z_dist_water,0.26147771627113864,0.014839921194536865,11936,131296,2022
FRP-EC113554,B,z_woody_density_200m,1.2918965729268546,0.04057860228489704,11936,131296,2022
FRP-EC113554,B,z_nonagri_herb_density_200m,0.9930678268427265,0.030594280851580016,11936,131296,2022
FRP-EC113554,B,z_built_density_200m,0.3259571672083876,0.0306166330928916,11936,131296,2022
FRP-EC113554,B,sl_,-5.360597399764073e-4,2.9611156531056846e-5,11936,131296,2022
FRP-EC113554,B,log_sl_,0.11781801988835773,0.007118120583558292,11936,131296,2022
FRP-EC113554,B,cos_ta_,-1.126841448413547,0.015369680299728569,11936,131296,2022
FRP-EC113554,B,z_dist_agricultural:age_c,-1.3476502148942897,0.1118865078092228,11936,131296,2022
FRP-EC113554,B,z_dist_water:age_c,0.03816300438087267,0.012782468782762416,11936,131296,2022
FRP-EC113554,B,z_woody_density_200m:age_c,0.01603495886649869,0.03525981773586495,11936,131296,2022
FRP-EC113554,B,z_nonagri_herb_density_200m:age_c,-0.07329775427871764,0.02691191207384611,11936,131296,2022
FRP-EC113554,B,z_built_density_200m:age_c,0.25940716900476307,0.025811324202682284,11936,131296,2022
FRP-EC113572,A,z_dist_agricultural,-1.5324512494756064,0.5837990195359004,3339,36729,2022
FRP-EC113572,A,z_dist_water,-1.2207857095309032,0.09583292253379418,3339,36729,2022
FRP-EC113572,A,z_woody_density_200m,0.8270181171260311,0.08691913930341894,3339,36729,2022
FRP-EC113572,A,z_nonagri_herb_density_200m,-1.4890832130759,0.17266654651454325,3339,36729,2022
FRP-EC113572,A,z_built_density_200m,-0.5250142429690319,0.05320920570027841,3339,36729,2022
FRP-EC113572,A,sl_,0.0011009021236272228,9.949900773371463e-5,3339,36729,2022
FRP-EC113572,A,log_sl_,0.127836508900169,0.017392465578631562,3339,36729,2022
FRP-EC113572,A,cos_ta_,-1.3038750687242986,0.02974728867810718,3339,36729,2022
FRP-EC113572,B,z_dist_agricultural,-0.7487654324440455,0.4153122394803363,12523,137753,2022
FRP-EC113572,B,z_dist_water,-1.0159473766001827,0.06471308807789165,12523,137753,2022
FRP-EC113572,B,z_woody_density_200m,4.499487819550402,0.1325426175119581,12523,137753,2022
FRP-EC113572,B,z_nonagri_herb_density_200m,-6.050534750352264,0.20848909438893765,12523,137753,2022
FRP-EC113572,B,z_built_density_200m,-0.30586802590505746,0.035395026191924035,12523,137753,2022
FRP-EC113572,B,sl_,9.742021054825458e-6,7.986760851152166e-5,12523,137753,2022
FRP-EC113572,B,log_sl_,0.15668122965554712,0.009632740093431904,12523,137753,2022
FRP-EC113572,B,cos_ta_,-1.3612104297852956,0.015617503308945903,12523,137753,2022
FRP-EC113572,B,z_dist_agricultural:age_c,0.40988199027000227,0.25061593908191454,12523,137753,2022
FRP-EC113572,B,z_dist_water:age_c,0.02182539024452386,0.05666757211711343,12523,137753,2022
FRP-EC113572,B,z_woody_density_200m:age_c,4.1312312272127585,0.1507383962332247,12523,137753,2022
FRP-EC113572,B,z_nonagri_herb_density_200m:age_c,-6.388830679923711,0.23011187806687394,12523,137753,2022
FRP-EC113572,B,z_built_density_200m:age_c,0.3114766771368877,0.02879328874868141,12523,137753,2022
FRP-EC113573,A,z_dist_agricultural,-1.0494017823662702,0.1874763774239815,3496,38456,2022
FRP-EC113573,A,z_dist_water,-1.467149804686874,0.08515139744777331,3496,38456,2022
FRP-EC113573,A,z_woody_density_200m,0.12139344363001274,0.06101560287532095,3496,38456,2022
FRP-EC113573,A,z_nonagri_herb_density_200m,0.42954592885012643,0.08232444212051594,3496,38456,2022
FRP-EC113573,A,z_built_density_200m,-0.9695187658213962,0.05721157071176145,3496,38456,2022
FRP-EC113573,A,sl_,7.382732764978503e-4,5.0728602608718526e-5,3496,38456,2022
FRP-EC113573,A,log_sl_,-0.030786469238284563,0.014140102779213773,3496,38456,2022
FRP-EC113573,A,cos_ta_,-1.2809131903007582,0.0288173173912968,3496,38456,2022
FRP-EC113573,B,z_dist_agricultural,-0.3342970849046682,0.18629612152381375,11798,129778,2022
FRP-EC113573,B,z_dist_water,-0.8069911192672042,0.04076259274273288,11798,129778,2022
FRP-EC113573,B,z_woody_density_200m,0.07146216725915107,0.0554769317267198,11798,129778,2022
FRP-EC113573,B,z_nonagri_herb_density_200m,-1.318779906214233,0.08726729528795568,11798,129778,2022
FRP-EC113573,B,z_built_density_200m,-1.5260863928821347,0.04237226562741518,11798,129778,2022
FRP-EC113573,B,sl_,-3.479345836275344e-4,4.6442394760021764e-5,11798,129778,2022
FRP-EC113573,B,log_sl_,0.16204551270530806,0.009793964229534612,11798,129778,2022
FRP-EC113573,B,cos_ta_,-1.3789501092856915,0.016140851560912117,11798,129778,2022
FRP-EC113573,B,z_dist_agricultural:age_c,0.4171048749950196,0.19401980734600785,11798,129778,2022
FRP-EC113573,B,z_dist_water:age_c,0.2202262122655763,0.028659989731587353,11798,129778,2022
FRP-EC113573,B,z_woody_density_200m:age_c,-0.1670885779370996,0.05849107335686748,11798,129778,2022
FRP-EC113573,B,z_nonagri_herb_density_200m:age_c,-2.313415222191277,0.1085751041567261,11798,129778,2022
FRP-EC113573,B,z_built_density_200m:age_c,-0.6497294948270665,0.03906471336879065,11798,129778,2022
FRP-EC113574,A,z_dist_agricultural,-0.9043524902398153,0.13848117441406368,3193,35123,2022
FRP-EC113574,A,z_dist_water,-0.551950526059219,0.07172647006287051,3193,35123,2022
FRP-EC113574,A,z_woody_density_200m,0.4081593852844157,0.09722913999570418,3193,35123,2022
FRP-EC113574,A,z_nonagri_herb_density_200m,0.5845753977901245,0.03179649064301246,3193,35123,2022
FRP-EC113574,A,z_built_density_200m,0.21501853989698153,0.05112998669090897,3193,35123,2022
FRP-EC113574,A,sl_,-9.341445249290078e-5,5.7100575266784037e-5,3193,35123,2022
FRP-EC113574,A,log_sl_,0.03405142533069378,0.013060808047598465,3193,35123,2022
FRP-EC113574,A,cos_ta_,-0.9080400963317914,0.027915687941031504,3193,35123,2022
FRP-EC113580,A,z_dist_agricultural,-0.4603618217546213,0.09369802789126941,3333,36663,2022
FRP-EC113580,A,z_dist_water,-0.32500192436588404,0.05529138409032118,3333,36663,2022
FRP-EC113580,A,z_woody_density_200m,1.0106480797103201,0.07246469451725708,3333,36663,2022
FRP-EC113580,A,z_nonagri_herb_density_200m,-0.5554056137229894,0.050901555530380525,3333,36663,2022
FRP-EC113580,A,z_built_density_200m,-0.015615821053873193,0.04189104732070366,3333,36663,2022
FRP-EC113580,A,sl_,5.090054551571565e-5,4.058854123944289e-5,3333,36663,2022
FRP-EC113580,A,log_sl_,0.04869083511458863,0.012025674527442269,3333,36663,2022
FRP-EC113580,A,cos_ta_,-0.8674848073650644,0.027203684943562914,3333,36663,2022
FRP-EC113580,B,z_dist_agricultural,-0.20646714463099364,0.11276043614949993,5896,64856,2022
FRP-EC113580,B,z_dist_water,-0.5626761776805785,0.07581848629429189,5896,64856,2022
FRP-EC113580,B,z_woody_density_200m,0.92745144767361,0.08602911053181049,5896,64856,2022
FRP-EC113580,B,z_nonagri_herb_density_200m,-1.5969452678277811,0.08057302799312281,5896,64856,2022
FRP-EC113580,B,z_built_density_200m,0.34500985067356144,0.04023413245920778,5896,64856,2022
FRP-EC113580,B,sl_,-1.023582490974371e-4,3.440910915945305e-5,5896,64856,2022
FRP-EC113580,B,log_sl_,0.058419891197248636,0.00912819573122701,5896,64856,2022
FRP-EC113580,B,cos_ta_,-0.8946262275151156,0.02069342872925871,5896,64856,2022
FRP-EC113580,B,z_dist_agricultural:age_c,0.4369731203147549,0.17555164401306445,5896,64856,2022
FRP-EC113580,B,z_dist_water:age_c,-0.40100821295885375,0.10810839403069378,5896,64856,2022
FRP-EC113580,B,z_woody_density_200m:age_c,-0.013143716830993413,0.11907809081280282,5896,64856,2022
FRP-EC113580,B,z_nonagri_herb_density_200m:age_c,-1.4749158016507962,0.11338896871468732,5896,64856,2022
FRP-EC113580,B,z_built_density_200m:age_c,0.7149771436242988,0.06750278993808881,5896,64856,2022
FRP-EC113581,A,z_dist_agricultural,0.011798358058347651,0.018673102208117454,3961,43571,2022
FRP-EC113581,A,z_dist_water,0.0013695129622046723,0.02556873838570907,3961,43571,2022
FRP-EC113581,A,z_woody_density_200m,0.2644463649711443,0.02791860434398784,3961,43571,2022
FRP-EC113581,A,z_nonagri_herb_density_200m,0.07722227761990826,0.019954272281016393,3961,43571,2022
FRP-EC113581,A,z_built_density_200m,-0.8381621661686941,0.053000385079349656,3961,43571,2022
FRP-EC113581,A,sl_,4.2556391619297175e-5,2.8501456670343546e-5,3961,43571,2022
FRP-EC113581,A,log_sl_,0.0929675034768619,0.012897990174575817,3961,43571,2022
FRP-EC113581,A,cos_ta_,-0.7767329879400255,0.0247646963337934,3961,43571,2022
FRP-EC113581,B,z_dist_agricultural,-0.00878402038338312,0.01425689646173803,14086,154946,2022
FRP-EC113581,B,z_dist_water,0.008815616341876508,0.01889213838336609,14086,154946,2022
FRP-EC113581,B,z_woody_density_200m,0.2840936614554531,0.01933585033467364,14086,154946,2022
FRP-EC113581,B,z_nonagri_herb_density_200m,0.20984321442140338,0.013248949320854546,14086,154946,2022
FRP-EC113581,B,z_built_density_200m,-0.9560358701803022,0.031331119815985416,14086,154946,2022
FRP-EC113581,B,sl_,-1.6633457321806633e-4,1.8358799242921045e-5,14086,154946,2022
FRP-EC113581,B,log_sl_,0.12331398794466858,0.0072031728672834715,14086,154946,2022
FRP-EC113581,B,cos_ta_,-0.9032284878878711,0.013497927308440785,14086,154946,2022
FRP-EC113581,B,z_dist_agricultural:age_c,0.10313533825379301,0.013636347574511709,14086,154946,2022
FRP-EC113581,B,z_dist_water:age_c,0.06484962146815866,0.014703622692362157,14086,154946,2022
FRP-EC113581,B,z_woody_density_200m:age_c,0.1172669926255827,0.01666336195079422,14086,154946,2022
FRP-EC113581,B,z_nonagri_herb_density_200m:age_c,0.18765687989707686,0.012234805612726316,14086,154946,2022
FRP-EC113581,B,z_built_density_200m:age_c,0.19202384238681897,0.028225062856307836,14086,154946,2022
FRP-EC115821,A,z_dist_agricultural,0.3186032826874282,0.3066988616337162,4265,46915,2024
FRP-EC115821,A,z_dist_water,0.37315745397405325,0.017506789746436532,4265,46915,2024
FRP-EC115821,A,z_woody_density_200m,0.19043549006538066,0.07486479182157904,4265,46915,2024
FRP-EC115821,A,z_nonagri_herb_density_200m,0.8282714288496265,0.038066340466142344,4265,46915,2024
FRP-EC115821,A,z_built_density_200m,0.11171281976816975,0.0395012326157527,4265,46915,2024
FRP-EC115821,A,sl_,-2.5260991127411036e-4,6.362497302175967e-5,4265,46915,2024
FRP-EC115821,A,log_sl_,0.08969606635344862,0.013922782183397884,4265,46915,2024
FRP-EC115821,A,cos_ta_,-1.2268222117454346,0.025896645469305056,4265,46915,2024
FRP-EC115821,B,z_dist_agricultural,2.2303401218656758,0.4042067483642674,6517,71687,2024
FRP-EC115821,B,z_dist_water,-0.1756052390281422,0.020470313205750185,6517,71687,2024
FRP-EC115821,B,z_woody_density_200m,-0.25322947293441384,0.10220266045264241,6517,71687,2024
FRP-EC115821,B,z_nonagri_herb_density_200m,-0.7647742280369264,0.08243906812505401,6517,71687,2024
FRP-EC115821,B,z_built_density_200m,-0.4984993763018016,0.03820799870106826,6517,71687,2024
FRP-EC115821,B,sl_,-0.001091270488535827,6.927165436540113e-5,6517,71687,2024
FRP-EC115821,B,log_sl_,0.17386554339842064,0.012632167170706608,6517,71687,2024
FRP-EC115821,B,cos_ta_,-1.2646910854973699,0.021214510460433135,6517,71687,2024
FRP-EC115821,B,z_dist_agricultural:age_c,0.5408486926401843,0.6530592934572926,6517,71687,2024
FRP-EC115821,B,z_dist_water:age_c,-0.8435418538251521,0.037358633179897245,6517,71687,2024
FRP-EC115821,B,z_woody_density_200m:age_c,-1.1298528522342453,0.16950734485497135,6517,71687,2024
FRP-EC115821,B,z_nonagri_herb_density_200m:age_c,-2.6220465044349948,0.13326730122171088,6517,71687,2024
FRP-EC115821,B,z_built_density_200m:age_c,-1.146122022190723,0.08304837834365919,6517,71687,2024
FRP-EC115822,A,z_dist_agricultural,0.15949964090427882,0.055518156608236585,619,6809,2024
FRP-EC115822,A,z_dist_water,0.09281141937748147,0.08046952446377875,619,6809,2024
FRP-EC115822,A,z_woody_density_200m,0.20413296953439988,0.08666193400789349,619,6809,2024
FRP-EC115822,A,z_nonagri_herb_density_200m,-0.9304346024579335,0.13467652132696423,619,6809,2024
FRP-EC115822,A,z_built_density_200m,0.2865026579429221,1.001577715115937,619,6809,2024
FRP-EC115822,A,sl_,-8.613201567242623e-4,2.3788709457013126e-4,619,6809,2024
FRP-EC115822,A,log_sl_,0.07113742297762575,0.0402451026055025,619,6809,2024
FRP-EC115822,A,cos_ta_,-0.9535721433293434,0.06325870954953734,619,6809,2024
FRP-EC115823,A,z_dist_agricultural,-1.3621767817414425,0.1954912445312754,3387,37257,2024
FRP-EC115823,A,z_dist_water,-0.29068109542142456,0.03301511264418252,3387,37257,2024
FRP-EC115823,A,z_woody_density_200m,1.6597709203844229,0.06707912364556712,3387,37257,2024
FRP-EC115823,A,z_nonagri_herb_density_200m,1.1658721612011833,0.07350043644118107,3387,37257,2024
FRP-EC115823,A,z_built_density_200m,0.1990925564090316,0.06443503469302918,3387,37257,2024
FRP-EC115823,A,sl_,-9.986663159094438e-5,6.524318632811805e-5,3387,37257,2024
FRP-EC115823,A,log_sl_,0.18086728529426954,0.01648212893595993,3387,37257,2024
FRP-EC115823,A,cos_ta_,-1.1099795411667992,0.029930955171843215,3387,37257,2024
FRP-EC115823,B,z_dist_agricultural,-0.5726432966960292,0.08515847668366514,5524,60764,2024
FRP-EC115823,B,z_dist_water,-0.2823128427415618,0.025399617839507026,5524,60764,2024
FRP-EC115823,B,z_woody_density_200m,1.168194635091273,0.05412697478512946,5524,60764,2024
FRP-EC115823,B,z_nonagri_herb_density_200m,0.8734186319901297,0.056060131721135546,5524,60764,2024
FRP-EC115823,B,z_built_density_200m,-0.49510266456384067,0.04615401606335444,5524,60764,2024
FRP-EC115823,B,sl_,8.166974860540878e-5,4.611926756754994e-5,5524,60764,2024
FRP-EC115823,B,log_sl_,0.17740110260403094,0.012650948284645412,5524,60764,2024
FRP-EC115823,B,cos_ta_,-1.0817954465381996,0.023398578176843706,5524,60764,2024
FRP-EC115823,B,z_dist_agricultural:age_c,0.5990518553393849,0.2692761626433232,5524,60764,2024
FRP-EC115823,B,z_dist_water:age_c,-0.04287234095275748,0.04988013461212657,5524,60764,2024
FRP-EC115823,B,z_woody_density_200m:age_c,-1.022626374984644,0.11116036695755208,5524,60764,2024
FRP-EC115823,B,z_nonagri_herb_density_200m:age_c,-0.8932386622907629,0.11795684662615587,5524,60764,2024
FRP-EC115823,B,z_built_density_200m:age_c,-1.5758727707782316,0.11757525006752619,5524,60764,2024
FRP-EC115826,A,z_dist_agricultural,-1.3209158764017341,0.5038351645144684,2012,22132,2024
FRP-EC115826,A,z_dist_water,0.5276833067134206,0.0270244363777984,2012,22132,2024
FRP-EC115826,A,z_woody_density_200m,1.290756981984043,0.11626313645510955,2012,22132,2024
FRP-EC115826,A,z_nonagri_herb_density_200m,1.1266800744173762,0.06085742450321826,2012,22132,2024
FRP-EC115826,A,z_built_density_200m,0.7354576445113584,0.07273359068391495,2012,22132,2024
FRP-EC115826,A,sl_,-6.615022663269126e-4,8.774923976155789e-5,2012,22132,2024
FRP-EC115826,A,log_sl_,0.20155700300230833,0.018938867245384967,2012,22132,2024
FRP-EC115826,A,cos_ta_,-1.0732790318481815,0.03803478792495682,2012,22132,2024
FRP-EC115826,B,z_dist_agricultural,-0.025898539051371777,0.17216538552639699,3122,34342,2024
FRP-EC115826,B,z_dist_water,0.67692484900846706,0.027308815252907535,3122,34342,2024
FRP-EC115826,B,z_woody_density_200m,0.5059802914137168,0.11537433863920588,3122,34342,2024
FRP-EC115826,B,z_nonagri_herb_density_200m,1.1395520317277181,0.05367950446388734,3122,34342,2024
FRP-EC115826,B,z_built_density_200m,0.9793681022406434,0.07007671560067379,3122,34342,2024
FRP-EC115826,B,sl_,-1.8938136919301662e-4,5.034553894451257e-5,3122,34342,2024
FRP-EC115826,B,log_sl_,0.14317903006284124,0.013461081916663424,3122,34342,2024
FRP-EC115826,B,cos_ta_,-1.076320729257273,0.030347267140356973,3122,34342,2024
FRP-EC115826,B,z_dist_agricultural:age_c,3.5055580517853273,0.6166918028819202,3122,34342,2024
FRP-EC115826,B,z_dist_water:age_c,0.19475235889143358,0.0450373255711795,3122,34342,2024
FRP-EC115826,B,z_woody_density_200m:age_c,-1.098873224690815,0.20358280931592324,3122,34342,2024
FRP-EC115826,B,z_nonagri_herb_density_200m:age_c,-0.05538654940714621,0.10224895622288431,3122,34342,2024
FRP-EC115826,B,z_built_density_200m:age_c,0.25114489042252475,0.12446867311459363,3122,34342,2024
FRP-EC115828,A,z_dist_agricultural,0.0974882994830185,0.1371847095263194,2031,22341,2024
FRP-EC115828,A,z_dist_water,-0.7867485018006642,0.07451704461931123,2031,22341,2024
FRP-EC115828,A,z_woody_density_200m,1.5241554398062307,0.08997279873949364,2031,22341,2024
FRP-EC115828,A,z_nonagri_herb_density_200m,-1.7984735244451682,0.13334203565328293,2031,22341,2024
FRP-EC115828,A,z_built_density_200m,0.19253609440764083,0.03772461222346533,2031,22341,2024
FRP-EC115828,A,sl_,-5.788483037024955e-4,1.020401522820956e-4,2031,22341,2024
FRP-EC115828,A,log_sl_,0.1348151274085619,0.02101707385211009,2031,22341,2024
FRP-EC115828,A,cos_ta_,-1.379314229549525,0.03949515433617844,2031,22341,2024
FRP-EC115828,B,z_dist_agricultural,0.258427188956555,0.13228739238159365,3189,35079,2024
FRP-EC115828,B,z_dist_water,-1.001517142811054,0.09035321089633183,3189,35079,2024
FRP-EC115828,B,z_woody_density_200m,1.5259307864369904,0.0955070784884035,3189,35079,2024
FRP-EC115828,B,z_nonagri_herb_density_200m,-2.145595715434787,0.1396393393490415,3189,35079,2024
FRP-EC115828,B,z_built_density_200m,0.16318915092902372,0.039850689349750355,3189,35079,2024
FRP-EC115828,B,sl_,-4.356991997834699e-4,7.660717086223854e-5,3189,35079,2024
FRP-EC115828,B,log_sl_,0.14369831330759755,0.016869076587658162,3189,35079,2024
FRP-EC115828,B,cos_ta_,-1.3634895186655906,0.0313755575446024,3189,35079,2024
FRP-EC115828,B,z_dist_agricultural:age_c,0.1943512224915914,0.22375946771704033,3189,35079,2024
FRP-EC115828,B,z_dist_water:age_c,-0.34450345406553007,0.1397415739716886,3189,35079,2024
FRP-EC115828,B,z_woody_density_200m:age_c,0.1895074139313774,0.13676539367454107,3189,35079,2024
FRP-EC115828,B,z_nonagri_herb_density_200m:age_c,-0.39883335727402847,0.21639416210586468,3189,35079,2024
FRP-EC115828,B,z_built_density_200m:age_c,-0.02289393211892639,0.0668908373784134,3189,35079,2024
FRP-EC115829,A,z_dist_agricultural,-0.4508986966177799,0.0748499961694779,2467,27137,2024
FRP-EC115829,A,z_dist_water,0.08660471233573398,0.0477036763776956,2467,27137,2024
FRP-EC115829,A,z_woody_density_200m,0.8421534791899785,0.06070098333943202,2467,27137,2024
FRP-EC115829,A,z_nonagri_herb_density_200m,1.4460107217953047,0.049115870780863255,2467,27137,2024
FRP-EC115829,A,z_built_density_200m,2.012014757486106,0.12686709045811037,2467,27137,2024
FRP-EC115829,A,sl_,8.475196547483482e-5,4.4187700008704724e-5,2467,27137,2024
FRP-EC115829,A,log_sl_,0.0984022372800838,0.013748138833941752,2467,27137,2024
FRP-EC115829,A,cos_ta_,-1.1932289455307383,0.034343694304092676,2467,27137,2024
FRP-EC115829,B,z_dist_agricultural,-0.7474380948853693,0.07798713399052899,4266,46926,2024
FRP-EC115829,B,z_dist_water,-0.07950020873528592,0.05615245488339725,4266,46926,2024
FRP-EC115829,B,z_woody_density_200m,0.8606019339859966,0.05780420267042688,4266,46926,2024
FRP-EC115829,B,z_nonagri_herb_density_200m,1.5120921963377447,0.048497706680568665,4266,46926,2024
FRP-EC115829,B,z_built_density_200m,1.8423541263871623,0.1253178416924367,4266,46926,2024
FRP-EC115829,B,sl_,4.5411076645308037e-5,3.5165432318096286e-5,4266,46926,2024
FRP-EC115829,B,log_sl_,0.12651250439616385,0.01088395183204522,4266,46926,2024
FRP-EC115829,B,cos_ta_,-1.1770778922319969,0.026082198984253083,4266,46926,2024
FRP-EC115829,B,z_dist_agricultural:age_c,-0.4740225493606725,0.12365468200235416,4266,46926,2024
FRP-EC115829,B,z_dist_water:age_c,-0.19675703342741463,0.08634671319910434,4266,46926,2024
FRP-EC115829,B,z_woody_density_200m:age_c,0.05668844389749924,0.09507670204273554,4266,46926,2024
FRP-EC115829,B,z_nonagri_herb_density_200m:age_c,0.1609160302465078,0.07729646759334086,4266,46926,2024
FRP-EC115829,B,z_built_density_200m:age_c,-0.14668523112493698,0.19951262144961818,4266,46926,2024
FRP-EC115830,A,z_dist_agricultural,0.19976413368199275,0.05183740857764405,1464,16104,2024
FRP-EC115830,A,z_dist_water,-0.1568303621584804,0.0448775500086826,1464,16104,2024
FRP-EC115830,A,z_woody_density_200m,0.17517890865508162,0.04442086746074079,1464,16104,2024
FRP-EC115830,A,z_nonagri_herb_density_200m,0.48993189182690633,0.0460653765033901,1464,16104,2024
FRP-EC115830,A,z_built_density_200m,-0.3772922207896936,0.0685594559249615,1464,16104,2024
FRP-EC115830,A,sl_,-6.803655989948033e-5,4.8366400380366276e-5,1464,16104,2024
FRP-EC115830,A,log_sl_,0.1025849059312429,0.018510282117876243,1464,16104,2024
FRP-EC115830,A,cos_ta_,-0.6372416698841876,0.040428947481815365,1464,16104,2024
FRP-EC115830,B,z_dist_agricultural,-0.24721894861711574,0.14954815294467727,2612,28732,2024
FRP-EC115830,B,z_dist_water,0.042969115493818634,0.026430530122238442,2612,28732,2024
FRP-EC115830,B,z_woody_density_200m,0.40033075268373536,0.0398675065471359,2612,28732,2024
FRP-EC115830,B,z_nonagri_herb_density_200m,0.25880856741586805,0.052222729204990506,2612,28732,2024
FRP-EC115830,B,z_built_density_200m,-0.17053338844072166,0.06158009515492393,2612,28732,2024
FRP-EC115830,B,sl_,-4.6487668615139956e-5,3.809580770488726e-5,2612,28732,2024
FRP-EC115830,B,log_sl_,0.010951692072436077,0.012210807485938169,2612,28732,2024
FRP-EC115830,B,cos_ta_,-0.7783509656028604,0.030596722096708245,2612,28732,2024
FRP-EC115830,B,z_dist_agricultural:age_c,-0.6487238314862089,0.21009045308993235,2612,28732,2024
FRP-EC115830,B,z_dist_water:age_c,0.3198893304097097,0.0636344081326982,2612,28732,2024
FRP-EC115830,B,z_woody_density_200m:age_c,0.2723235289606163,0.07118113051770411,2612,28732,2024
FRP-EC115830,B,z_nonagri_herb_density_200m:age_c,-0.2687689565269871,0.08010182126904261,2612,28732,2024
FRP-EC115830,B,z_built_density_200m:age_c,0.2604223396727869,0.11348446743017758,2612,28732,2024
FRP-EC115831,A,z_dist_agricultural,-0.10049143902078546,0.061979935912180574,1607,17677,2024
FRP-EC115831,A,z_dist_water,-0.28226444068920176,0.0574499240495422,1607,17677,2024
FRP-EC115831,A,z_woody_density_200m,0.40365950929820155,0.05791412243711056,1607,17677,2024
FRP-EC115831,A,z_nonagri_herb_density_200m,0.37740200403995694,0.05614902090142484,1607,17677,2024
FRP-EC115831,A,z_built_density_200m,-0.3673769406885308,0.05240846391973896,1607,17677,2024
FRP-EC115831,A,sl_,-2.1199458564550105e-4,4.278088682922895e-5,1607,17677,2024
FRP-EC115831,A,log_sl_,0.031168567774918016,0.014936712843133635,1607,17677,2024
FRP-EC115831,A,cos_ta_,-0.7459552599848104,0.03902665647770368,1607,17677,2024
FRP-EC115831,B,z_dist_agricultural,-0.30083089697008936,0.07598212757377742,2568,28248,2024
FRP-EC115831,B,z_dist_water,-0.5193701804234804,0.077621476351196525,2568,28248,2024
FRP-EC115831,B,z_woody_density_200m,0.17718502464370314,0.055919048515975164,2568,28248,2024
FRP-EC115831,B,z_nonagri_herb_density_200m,0.23354800582265772,0.04415580474785923,2568,28248,2024
FRP-EC115831,B,z_built_density_200m,-0.7143793721232319,0.05674596163670506,2568,28248,2024
FRP-EC115831,B,sl_,-1.4270759802594027e-4,3.1662231546811506e-5,2568,28248,2024
FRP-EC115831,B,log_sl_,0.050858050050723226,0.012183330386663237,2568,28248,2024
FRP-EC115831,B,cos_ta_,-0.7201834925552673,0.030780724067609518,2568,28248,2024
FRP-EC115831,B,z_dist_agricultural:age_c,-0.31124188535218794,0.10714053411168875,2568,28248,2024
FRP-EC115831,B,z_dist_water:age_c,-0.3202736162494438,0.11020405311110477,2568,28248,2024
FRP-EC115831,B,z_woody_density_200m:age_c,-0.31256299830520534,0.0925929952106798,2568,28248,2024
FRP-EC115831,B,z_nonagri_herb_density_200m:age_c,-0.2283113936184032,0.08518854601501265,2568,28248,2024
FRP-EC115831,B,z_built_density_200m:age_c,-0.6377851468124084,0.0909141246629287,2568,28248,2024
FRP-EC115832,A,z_dist_agricultural,-1.9369799372300183,0.12717344068050898,2030,22330,2024
FRP-EC115832,A,z_dist_water,0.130173035692756,0.05573647332639626,2030,22330,2024
FRP-EC115832,A,z_woody_density_200m,1.4695451005618745,0.06460356868842454,2030,22330,2024
FRP-EC115832,A,z_nonagri_herb_density_200m,1.273606752338416,0.066268575625443693,2030,22330,2024
FRP-EC115832,A,z_built_density_200m,2.6793562627166363,0.1171842024529439,2030,22330,2024
FRP-EC115832,A,sl_,-3.8248292226870917e-4,4.696284893136862e-5,2030,22330,2024
FRP-EC115832,A,log_sl_,0.19401393725413074,0.017068157739685244,2030,22330,2024
FRP-EC115832,A,cos_ta_,-0.9820280903504829,0.03732700426666414,2030,22330,2024
FRP-EC115832,B,z_dist_agricultural,-1.6989253971860447,0.10607838875615175,3434,37774,2024
FRP-EC115832,B,z_dist_water,0.252402637026393,0.04832539493365272,3434,37774,2024
FRP-EC115832,B,z_woody_density_200m,1.4718042078653486,0.0571716716197921,3434,37774,2024
FRP-EC115832,B,z_nonagri_herb_density_200m,1.4178964028276035,0.05687711758202788,3434,37774,2024
FRP-EC115832,B,z_built_density_200m,2.850166061662622,0.10891224638143804,3434,37774,2024
FRP-EC115832,B,sl_,-4.16238779803885e-4,3.648856408358424e-5,3434,37774,2024
FRP-EC115832,B,log_sl_,0.19167419397058968,0.013042919446597682,3434,37774,2024
FRP-EC115832,B,cos_ta_,-0.9972082808828401,0.028805591904322428,3434,37774,2024
FRP-EC115832,B,z_dist_agricultural:age_c,0.927743831506207,0.21067302145178554,3434,37774,2024
FRP-EC115832,B,z_dist_water:age_c,0.26070569138350486,0.09290564190049032,3434,37774,2024
FRP-EC115832,B,z_woody_density_200m:age_c,-0.09174645303466841,0.09856538724954189,3434,37774,2024
FRP-EC115832,B,z_nonagri_herb_density_200m:age_c,0.20937057369102446,0.10403507631328203,3434,37774,2024
FRP-EC115832,B,z_built_density_200m:age_c,0.025707584333719443,0.18972982276185738,3434,37774,2024
FRP-EC115833,A,z_dist_agricultural,0.6761908142834018,0.13377521852731902,1494,16434,2024
FRP-EC115833,A,z_dist_water,0.4018593728675922,0.04569400547957784,1494,16434,2024
FRP-EC115833,A,z_woody_density_200m,0.6170244621506644,0.14892610402623388,1494,16434,2024
FRP-EC115833,A,z_nonagri_herb_density_200m,1.852698141327387,0.0826610995250384,1494,16434,2024
FRP-EC115833,A,z_built_density_200m,1.7886474532860668,0.10352255143867359,1494,16434,2024
FRP-EC115833,A,sl_,-5.841751150741862e-4,9.291217851808037e-5,1494,16434,2024
FRP-EC115833,A,log_sl_,0.0818063877199029,0.019486996461845037,1494,16434,2024
FRP-EC115833,A,cos_ta_,-0.9440328237788926,0.042630701784249055,1494,16434,2024
FRP-EC115834,A,z_dist_agricultural,1.1286929438799091,0.23453669707815206,1319,14509,2024
FRP-EC115834,A,z_dist_water,-0.42429493655372746,0.08009134969674032,1319,14509,2024
FRP-EC115834,A,z_woody_density_200m,1.7006816800174351,0.1759936563288315,1319,14509,2024
FRP-EC115834,A,z_nonagri_herb_density_200m,-2.741447479680135,0.19250662361807272,1319,14509,2024
FRP-EC115834,A,z_built_density_200m,-0.07968114972523285,0.05080612858009751,1319,14509,2024
FRP-EC115834,A,sl_,5.088535270752474e-5,1.3386173289365374e-4,1319,14509,2024
FRP-EC115834,A,log_sl_,0.1107861874014012,0.025958823816846693,1319,14509,2024
FRP-EC115834,A,cos_ta_,-1.15894618665446,0.04566998553563033,1319,14509,2024
FRP-EC115834,B,z_dist_agricultural,-0.18147995214893847,0.2977912825738751,2326,25586,2024
FRP-EC115834,B,z_dist_water,0.47358078939215714,0.07203960066239488,2326,25586,2024
FRP-EC115834,B,z_woody_density_200m,-2.0021962823705333,0.2671454654156336,2326,25586,2024
FRP-EC115834,B,z_nonagri_herb_density_200m,-0.5368440415688426,0.18546053062380663,2326,25586,2024
FRP-EC115834,B,z_built_density_200m,-0.055094006251210116,0.08607357767526616,2326,25586,2024
FRP-EC115834,B,sl_,-9.813790422776448e-4,1.3892612327216474e-4,2326,25586,2024
FRP-EC115834,B,log_sl_,0.16110897273487862,0.020821348771370502,2326,25586,2024
FRP-EC115834,B,cos_ta_,-1.2682624639035143,0.03549691702439372,2326,25586,2024
FRP-EC115834,B,z_dist_agricultural:age_c,-2.5066418409916236,0.5004658423613393,2326,25586,2024
FRP-EC115834,B,z_dist_water:age_c,1.6585051350176658,0.17068650877522262,2326,25586,2024
FRP-EC115834,B,z_woody_density_200m:age_c,-6.850605809311345,0.3995346551718127,2326,25586,2024
FRP-EC115834,B,z_nonagri_herb_density_200m:age_c,4.0374216762881465,0.36116287113746287,2326,25586,2024
FRP-EC115834,B,z_built_density_200m:age_c,-0.008443623929886273,0.12460805827309182,2326,25586,2024
FRP-EC115836,A,z_dist_agricultural,-1.637706723860704,0.22242897033928216,2634,28974,2024
FRP-EC115836,A,z_dist_water,0.298384872100039,0.04969220439995892,2634,28974,2024
FRP-EC115836,A,z_woody_density_200m,-0.17684797207953137,0.10566095434906127,2634,28974,2024
FRP-EC115836,A,z_nonagri_herb_density_200m,0.6017958716221814,0.06321433293847811,2634,28974,2024
FRP-EC115836,A,z_built_density_200m,-0.3485342389984646,0.05525957244097992,2634,28974,2024
FRP-EC115836,A,sl_,-8.004632942535647e-6,6.412045076083141e-5,2634,28974,2024
FRP-EC115836,A,log_sl_,0.030182548422478448,0.014877135798807542,2634,28974,2024
FRP-EC115836,A,cos_ta_,-0.9917352290909534,0.03095444744579586,2634,28974,2024
FRP-EC115836,B,z_dist_agricultural,-0.9047170648691469,0.16577165926777512,4288,47168,2024
FRP-EC115836,B,z_dist_water,0.2872829792027817,0.038818077263991606,4288,47168,2024
FRP-EC115836,B,z_woody_density_200m,0.4205269015870832,0.06749863925680936,4288,47168,2024
FRP-EC115836,B,z_nonagri_herb_density_200m,0.44573027974483087,0.05363270468181629,4288,47168,2024
FRP-EC115836,B,z_built_density_200m,0.06706527989632144,0.052095371976492146,4288,47168,2024
FRP-EC115836,B,sl_,1.3923113908093486e-4,4.246647692223886e-5,4288,47168,2024
FRP-EC115836,B,log_sl_,0.0017384243526065905,0.010664373220129135,4288,47168,2024
FRP-EC115836,B,cos_ta_,-1.010768492510886,0.024453707656094698,4288,47168,2024
FRP-EC115836,B,z_dist_agricultural:age_c,1.0542754396548366,0.33808742229069044,4288,47168,2024
FRP-EC115836,B,z_dist_water:age_c,0.013365508613739804,0.07361824453298955,4288,47168,2024
FRP-EC115836,B,z_woody_density_200m:age_c,0.9167285453787556,0.15264616558574456,4288,47168,2024
FRP-EC115836,B,z_nonagri_herb_density_200m:age_c,-0.299236520803275,0.09744257815110019,4288,47168,2024
FRP-EC115836,B,z_built_density_200m:age_c,0.6708731137572241,0.09211522785336898,4288,47168,2024
FRP-EC115837,A,z_dist_agricultural,1.224745808099043,0.6899818684437484,3613,39743,2024
FRP-EC115837,A,z_dist_water,0.7226710908729439,0.0311101289782987,3613,39743,2024
FRP-EC115837,A,z_woody_density_200m,-0.4345031475354389,0.15559233622301286,3613,39743,2024
FRP-EC115837,A,z_nonagri_herb_density_200m,-0.2274698641609027,0.07500088008844692,3613,39743,2024
FRP-EC115837,A,z_built_density_200m,-0.47275523303757355,0.1162886240201019,3613,39743,2024
FRP-EC115837,A,sl_,-0.0010112925481901432,2.387635271673853e-4,3613,39743,2024
FRP-EC115837,A,log_sl_,0.193192768294578,0.031997326312805496,3613,39743,2024
FRP-EC115837,A,cos_ta_,-1.5037226754979323,0.029086494431387968,3613,39743,2024
FRP-EC115837,B,z_dist_agricultural,1.6478463678498536,0.697404627959171,5704,62744,2024
FRP-EC115837,B,z_dist_water,0.7772923198988938,0.032034017838839815,5704,62744,2024
FRP-EC115837,B,z_woody_density_200m,0.03814591666867171,0.21726324070483705,5704,62744,2024
FRP-EC115837,B,z_nonagri_herb_density_200m,-1.6991236337027866,0.17265693515304517,5704,62744,2024
FRP-EC115837,B,z_built_density_200m,-0.8511740141637549,0.1383005276086821,5704,62744,2024
FRP-EC115837,B,sl_,-6.487200131011338e-4,1.819431734028967e-4,5704,62744,2024
FRP-EC115837,B,log_sl_,0.11300967823697772,0.023775529056830596,5704,62744,2024
FRP-EC115837,B,cos_ta_,-1.473386519427075,0.023146861850972457,5704,62744,2024
FRP-EC115837,B,z_dist_agricultural:age_c,0.3453024604460798,1.1856223778524864,5704,62744,2024
FRP-EC115837,B,z_dist_water:age_c,0.0847319588279774,0.05246983876704926,5704,62744,2024
FRP-EC115837,B,z_woody_density_200m:age_c,0.45668621506737955,0.31242220079611005,5704,62744,2024
FRP-EC115837,B,z_nonagri_herb_density_200m:age_c,-1.8199252510577957,0.21630438251506884,5704,62744,2024
FRP-EC115837,B,z_built_density_200m:age_c,-0.5062078676412358,0.2157755062575455,5704,62744,2024
FRP-EC115839,A,z_dist_agricultural,1.7843203180230867,0.26620718364816853,2023,22253,2024
FRP-EC115839,A,z_dist_water,0.40318433995873043,0.054583245052168286,2023,22253,2024
FRP-EC115839,A,z_woody_density_200m,2.5025005462209817,0.1844709663841334,2023,22253,2024
FRP-EC115839,A,z_nonagri_herb_density_200m,-2.4179185421085916,0.13817774770097158,2023,22253,2024
FRP-EC115839,A,z_built_density_200m,0.5023342694769124,0.08315020270582937,2023,22253,2024
FRP-EC115839,A,sl_,-2.161508542385754e-4,1.3021256895736965e-4,2023,22253,2024
FRP-EC115839,A,log_sl_,0.04205925085794013,0.016233388163383752,2023,22253,2024
FRP-EC115839,A,cos_ta_,-1.1296899031934367,0.037095989258862455,2023,22253,2024
FRP-EC115840,A,z_dist_agricultural,7.5095441930265165,2.0067465464052034,1629,17919,2024
FRP-EC115840,A,z_dist_water,0.3685086049478485,0.029698627810791127,1629,17919,2024
FRP-EC115840,A,z_woody_density_200m,3.671369815875317,0.3247878814687439,1629,17919,2024
FRP-EC115840,A,z_nonagri_herb_density_200m,1.1401784305195255,0.20379530487434985,1629,17919,2024
FRP-EC115840,A,z_built_density_200m,-0.4186316985833521,0.1654608304649371,1629,17919,2024
FRP-EC115840,A,sl_,-0.0033290823793995323,3.7165770840379917e-4,1629,17919,2024
FRP-EC115840,A,log_sl_,0.3120005486223124,0.027852697651372618,1629,17919,2024
FRP-EC115840,A,cos_ta_,-0.8518490423592648,0.042027938142055556,1629,17919,2024
FRP-EC115840,B,z_dist_agricultural,12.204384117005961,3.704667341786716,2539,27929,2024
FRP-EC115840,B,z_dist_water,0.45740319980695326,0.033339683712778574,2539,27929,2024
FRP-EC115840,B,z_woody_density_200m,0.32154661544044466,1.0790151503726453,2539,27929,2024
FRP-EC115840,B,z_nonagri_herb_density_200m,0.6028462015457908,0.354861279805363,2539,27929,2024
FRP-EC115840,B,z_built_density_200m,-1.0618312301953479,0.18483318861285117,2539,27929,2024
FRP-EC115840,B,sl_,-0.006141232932981887,3.980212169469308e-4,2539,27929,2024
FRP-EC115840,B,log_sl_,0.40997774157226935,0.025350563020689443,2539,27929,2024
FRP-EC115840,B,cos_ta_,-0.8829039135636917,0.03356020414316654,2539,27929,2024
FRP-EC115840,B,z_dist_agricultural:age_c,-0.4568915266661289,4.471411541994746,2539,27929,2024
FRP-EC115840,B,z_dist_water:age_c,0.20395011214506797,0.0543193104580122,2539,27929,2024
FRP-EC115840,B,z_woody_density_200m:age_c,-4.988913478330714,1.320489527516226,2539,27929,2024
FRP-EC115840,B,z_nonagri_herb_density_200m:age_c,-0.04604457184032513,0.4842834297411407,2539,27929,2024
FRP-EC115840,B,z_built_density_200m:age_c,-0.09587950781378224,0.2762868232313298,2539,27929,2024
FRP-EC115841,A,z_dist_agricultural,0.06759460195694658,0.45026824540549903,2496,27456,2024
FRP-EC115841,A,z_dist_water,-0.7439270069739751,0.06952884937832902,2496,27456,2024
FRP-EC115841,A,z_woody_density_200m,1.3683816568508311,0.12169384699682806,2496,27456,2024
FRP-EC115841,A,z_nonagri_herb_density_200m,-0.17428681225972154,0.07931194839857812,2496,27456,2024
FRP-EC115841,A,z_built_density_200m,-0.22333817426701236,0.05841511927064307,2496,27456,2024
FRP-EC115841,A,sl_,-3.3937484797189976e-4,8.858408144409923e-5,2496,27456,2024
FRP-EC115841,A,log_sl_,0.06489362044292361,0.015529668605279698,2496,27456,2024
FRP-EC115841,A,cos_ta_,-1.2221542445592743,0.03287463161178136,2496,27456,2024
FRP-EC115841,B,z_dist_agricultural,9.916709788987813,0.7792349439401787,4303,47333,2024
FRP-EC115841,B,z_dist_water,-4.975181762536991,0.23343363197852052,4303,47333,2024
FRP-EC115841,B,z_woody_density_200m,6.207378377819904,0.3860939705463589,4303,47333,2024
FRP-EC115841,B,z_nonagri_herb_density_200m,-10.029801484675865,0.6023095678064004,4303,47333,2024
FRP-EC115841,B,z_built_density_200m,0.48281010072291347,0.077339357924412655,4303,47333,2024
FRP-EC115841,B,sl_,-9.29033596453565e-4,1.0621478658417186e-4,4303,47333,2024
FRP-EC115841,B,log_sl_,0.22258525389966027,0.015119951821347307,4303,47333,2024
FRP-EC115841,B,cos_ta_,-1.153838126557368,0.026075101294149253,4303,47333,2024
FRP-EC115841,B,z_dist_agricultural:age_c,9.112042411128407,1.028583173655895,4303,47333,2024
FRP-EC115841,B,z_dist_water:age_c,-5.079850033179366,0.2622597987907972,4303,47333,2024
FRP-EC115841,B,z_woody_density_200m:age_c,5.380710533669458,0.4455510851509864,4303,47333,2024
FRP-EC115841,B,z_nonagri_herb_density_200m:age_c,-10.959906045715222,0.6615611876899866,4303,47333,2024
FRP-EC115841,B,z_built_density_200m:age_c,0.6759758199381786,0.11542186496961165,4303,47333,2024
FRP-EC115842,A,z_dist_agricultural,-0.9493606548853595,0.07775760546870204,2247,24717,2024
FRP-EC115842,A,z_dist_water,-0.10873207434155513,0.05677335633084411,2247,24717,2024
FRP-EC115842,A,z_woody_density_200m,0.19606917146429895,0.057310872147178914,2247,24717,2024
FRP-EC115842,A,z_nonagri_herb_density_200m,0.322206446156404,0.0394476205837263,2247,24717,2024
FRP-EC115842,A,z_built_density_200m,-1.1567975001714288,0.06104534024922677,2247,24717,2024
FRP-EC115842,A,sl_,-1.4122646834567547e-4,3.755079925643934e-5,2247,24717,2024
FRP-EC115842,A,log_sl_,0.09112541537571849,0.014840861532635677,2247,24717,2024
FRP-EC115842,A,cos_ta_,-0.9211969840636715,0.03380570952320732,2247,24717,2024
FRP-EC115842,B,z_dist_agricultural,-0.837712948147197,0.07602640935030401,3050,33550,2024
FRP-EC115842,B,z_dist_water,-0.4428570239172935,0.07314050981861721,3050,33550,2024
FRP-EC115842,B,z_woody_density_200m,0.5269050492210937,0.06345877790014792,3050,33550,2024
FRP-EC115842,B,z_nonagri_herb_density_200m,0.061114916315810834,0.045077962004974215,3050,33550,2024
FRP-EC115842,B,z_built_density_200m,-1.1215583607077408,0.08532423048946483,3050,33550,2024
FRP-EC115842,B,sl_,-3.286447744926447e-5,2.9863906514988033e-5,3050,33550,2024
FRP-EC115842,B,log_sl_,0.057952704776768144,0.012120380582891391,3050,33550,2024
FRP-EC115842,B,cos_ta_,-0.8927449131025093,0.028850765629505257,3050,33550,2024
FRP-EC115842,B,z_dist_agricultural:age_c,0.30442630384096875,0.15292605385790153,3050,33550,2024
FRP-EC115842,B,z_dist_water:age_c,-0.498097966177309,0.11529354815472831,3050,33550,2024
FRP-EC115842,B,z_woody_density_200m:age_c,0.597938072269638,0.11719959549056443,3050,33550,2024
FRP-EC115842,B,z_nonagri_herb_density_200m:age_c,-0.36886064605898056,0.08262380435611164,3050,33550,2024
FRP-EC115842,B,z_built_density_200m:age_c,0.018168110919073995,0.14557630410042255,3050,33550,2024
FRP-EC115843,A,z_dist_agricultural,-0.4069726337721878,0.3147084434081438,2957,32527,2024
FRP-EC115843,A,z_dist_water,-0.1006297342529446,0.0593776051603972,2957,32527,2024
FRP-EC115843,A,z_woody_density_200m,1.3502818679863406,0.09178918368371737,2957,32527,2024
FRP-EC115843,A,z_nonagri_herb_density_200m,1.754006900894379,0.05659393166751339,2957,32527,2024
FRP-EC115843,A,z_built_density_200m,1.9710049858265133,0.10578853196341065,2957,32527,2024
FRP-EC115843,A,sl_,3.061168283541882e-4,6.882905569550042e-5,2957,32527,2024
FRP-EC115843,A,log_sl_,0.16407828597010535,0.016393140612271713,2957,32527,2024
FRP-EC115843,A,cos_ta_,-1.2711515310221235,0.03232085972329003,2957,32527,2024
FRP-EC115843,B,z_dist_agricultural,1.09762106075681,0.33210647328613846,4717,51887,2024
FRP-EC115843,B,z_dist_water,-0.465527540433117,0.08576015093671371,4717,51887,2024
FRP-EC115843,B,z_woody_density_200m,1.1165292248840923,0.0933961586564305,4717,51887,2024
FRP-EC115843,B,z_nonagri_herb_density_200m,1.5941898858559027,0.07733817582489293,4717,51887,2024
FRP-EC115843,B,z_built_density_200m,1.346436418266351,0.08778722973729637,4717,51887,2024
FRP-EC115843,B,sl_,-1.46521141012602e-4,5.826016471133584e-5,4717,51887,2024
FRP-EC115843,B,log_sl_,0.13282347291025376,0.012406821413613076,4717,51887,2024
FRP-EC115843,B,cos_ta_,-1.3041091014440853,0.025263896722555326,4717,51887,2024
FRP-EC115843,B,z_dist_agricultural:age_c,1.5125658421262573,0.4901225718763897,4717,51887,2024
FRP-EC115843,B,z_dist_water:age_c,-0.6114471335413335,0.12004439015062038,4717,51887,2024
FRP-EC115843,B,z_woody_density_200m:age_c,-0.27264325705703885,0.15084594962588654,4717,51887,2024
FRP-EC115843,B,z_nonagri_herb_density_200m:age_c,-0.14497307380815594,0.11280325052083512,4717,51887,2024
FRP-EC115843,B,z_built_density_200m:age_c,-1.1158880235548596,0.16661589199705862,4717,51887,2024
FRP-EC115844,A,z_dist_agricultural,0.14438188572544813,0.018086337578275963,3331,36641,2024
FRP-EC115844,A,z_dist_water,-0.16139049617621445,0.021289376296177897,3331,36641,2024
FRP-EC115844,A,z_woody_density_200m,0.41200020882790783,0.04502482647249454,3331,36641,2024
FRP-EC115844,A,z_nonagri_herb_density_200m,-0.0431567464633181,0.034969519002358104,3331,36641,2024
FRP-EC115844,A,z_built_density_200m,-0.32173882099638185,0.06597124844471004,3331,36641,2024
FRP-EC115844,A,sl_,-3.4282612462343734e-4,5.789793009769785e-5,3331,36641,2024
FRP-EC115844,A,log_sl_,0.07001861903041656,0.012815262431523247,3331,36641,2024
FRP-EC115844,A,cos_ta_,-0.7949043794145669,0.026776695861591593,3331,36641,2024
FRP-EC115846,A,z_dist_agricultural,-5.787022242304267,0.327488399221451,3526,38786,2024
FRP-EC115846,A,z_dist_water,-0.7294738838564869,0.10799315659933018,3526,38786,2024
FRP-EC115846,A,z_woody_density_200m,0.6412764307664371,0.10489265131338193,3526,38786,2024
FRP-EC115846,A,z_nonagri_herb_density_200m,0.3326723435491243,0.07979331804740572,3526,38786,2024
FRP-EC115846,A,z_built_density_200m,0.4411190266393182,0.170805863679541,3526,38786,2024
FRP-EC115846,A,sl_,2.858683916755606e-4,8.373448868050372e-5,3526,38786,2024
FRP-EC115846,A,log_sl_,0.09330436444267909,0.014620147356871675,3526,38786,2024
FRP-EC115846,A,cos_ta_,-1.2046650163190227,0.028467056281689048,3526,38786,2024
FRP-EC115846,B,z_dist_agricultural,-10.457851061124979,0.6121465043800998,5056,55616,2024
FRP-EC115846,B,z_dist_water,-2.476070062176776,0.27105079893698575,5056,55616,2024
FRP-EC115846,B,z_woody_density_200m,1.3645741685336084,0.2129446092007822,5056,55616,2024
FRP-EC115846,B,z_nonagri_herb_density_200m,0.292225092632941,0.1342459532526675,5056,55616,2024
FRP-EC115846,B,z_built_density_200m,0.8943491266038143,0.24368819273275963,5056,55616,2024
FRP-EC115846,B,sl_,1.0154110659365518e-4,8.770812084039606e-5,5056,55616,2024
FRP-EC115846,B,log_sl_,0.10760446342245435,0.012771771841725099,5056,55616,2024
FRP-EC115846,B,cos_ta_,-1.208946336980152,0.024012627296745855,5056,55616,2024
FRP-EC115846,B,z_dist_agricultural:age_c,-7.026690780579468,0.8336392345771021,5056,55616,2024
FRP-EC115846,B,z_dist_water:age_c,-1.9967051376670155,0.30889277425405,5056,55616,2024
FRP-EC115846,B,z_woody_density_200m:age_c,0.7627034159405656,0.26579771734871005,5056,55616,2024
FRP-EC115846,B,z_nonagri_herb_density_200m:age_c,-0.07322969401219455,0.18541134003246473,5056,55616,2024
FRP-EC115846,B,z_built_density_200m:age_c,0.5080838907740097,0.36387661914918457,5056,55616,2024
FRP-EC116551,A,z_dist_agricultural,-34.364522920923775,5.396274528368326,763,8393,2024
FRP-EC116551,A,z_dist_water,0.3180777869047262,0.043814747583706175,763,8393,2024
FRP-EC116551,A,z_woody_density_200m,-0.6790545934756478,0.20617888015810412,763,8393,2024
FRP-EC116551,A,z_nonagri_herb_density_200m,0.9970726099413043,0.1396664388804302,763,8393,2024
FRP-EC116551,A,z_built_density_200m,-1.4995206045166283,0.32395069576213864,763,8393,2024
FRP-EC116551,A,sl_,-0.007128638129378822,0.0011854477394076237,763,8393,2024
FRP-EC116551,A,log_sl_,0.6446875209640368,0.06537998054255359,763,8393,2024
FRP-EC116551,A,cos_ta_,-1.0313236857758379,0.06536883197383067,763,8393,2024
